subject	gene	allele	est_counts	tpm
71609216_S4_L001	HLA-A	A*02:07:01	27334.4	737.758
71609216_S4_L001	HLA-A	A*30:01:01	27317.4	737.3
71609216_S4_L001	HLA-B	B*13:02:01	81003.6	2208.73
71609216_S4_L001	HLA-B	B*46:01:01	45976.2	1253.63
71609216_S4_L001	HLA-C	C*01:02:01	27049.4	727.602
71609216_S4_L001	HLA-C	C*06:02:01	45177.4	1215.23
71609216_S4_L001	HLA-DMA	DMA*01:02	2313.43	96.2755
71609216_S4_L001	HLA-DMA	DMA*01:02	2313.43	96.2755
71609216_S4_L001	HLA-DMB	DMB*01:01:01	614.67	25.3159
71609216_S4_L001	HLA-DMB	DMB*01:01:01	614.67	25.3159
71609216_S4_L001	HLA-DOA	DOA*01:01:01	65.5	2.89154
71609216_S4_L001	HLA-DOA	DOA*01:01:01	65.5	2.89154
71609216_S4_L001	HLA-DOB	DOB*01:01:01	83.063	3.247915
71609216_S4_L001	HLA-DOB	DOB*01:01:01	83.063	3.247915
71609216_S4_L001	HLA-DPA1	DPA1*02:01:01	4118.32	172.286
71609216_S4_L001	HLA-DPA1	DPA1*02:02:02	3991.68	166.989
71609216_S4_L001	HLA-DPA2	DPA2*01:01:01:01	2	0.0916675
71609216_S4_L001	HLA-DPA2	DPA2*01:01:01:01	2	0.0916675
71609216_S4_L001	HLA-DPB1	DPB1*09:01:01	7352.71	310.851
71609216_S4_L001	HLA-DPB1	DPB1*38:01	6587.47	278.499
71609216_S4_L001	HLA-DPB2	DPB2*01:01:01	5.5	0.2329345
71609216_S4_L001	HLA-DPB2	DPB2*01:01:01	5.5	0.2329345
71609216_S4_L001	HLA-DQA1	DQA1*02:01:01	2667.3	115.204
71609216_S4_L001	HLA-DQA1	DQA1*06:01:01	1422.62	61.4447
71609216_S4_L001	HLA-DQB1	DQB1*02:02:01	1423.97	59.2595
71609216_S4_L001	HLA-DQB1	DQB1*03:01:01	2170.02	90.3071
71609216_S4_L001	HLA-DRA	DRA*01:01:01	13616.7	588.12
71609216_S4_L001	HLA-DRA	DRA*01:02:02	11014.4	475.724
71609216_S4_L001	HLA-DRB1	DRB1*07:01:01	7744.7	314.112
71609216_S4_L001	HLA-DRB1	DRB1*12:02:01	10140.6	411.286
71609216_S4_L001	HLA-DRB2	DRB2*01:01	2	0.157478
71609216_S4_L001	HLA-DRB2	DRB2*01:01	2	0.157478
71609216_S4_L001	HLA-DRB3	DRB3*03:01:03	813.22	32.98285
71609216_S4_L001	HLA-DRB3	DRB3*03:01:03	813.22	32.98285
71609216_S4_L001	HLA-DRB4	DRB4*01:03:01	1027.525	41.67465
71609216_S4_L001	HLA-DRB4	DRB4*01:03:01	1027.525	41.67465
71609216_S4_L001	HLA-DRB5	DRB5*01:01:01	7.00305	0.284032
71609216_S4_L001	HLA-DRB5	DRB5*01:01:01	7.00305	0.284032
71609216_S4_L001	HLA-DRB7	DRB7*01:01:02	2.00176	0.0820215
71609216_S4_L001	HLA-DRB7	DRB7*01:01:02	2.00176	0.0820215
71609216_S4_L001	HLA-E	E*01:01:01	19347.2	534.858
71609216_S4_L001	HLA-E	E*01:03:02	18118.7	500.895
71609216_S4_L001	HLA-F	F*01:01:01	1829.125	52.762
71609216_S4_L001	HLA-F	F*01:01:01	1829.125	52.762
71609216_S4_L001	HLA-G	G*01:01:01	4.50196	0.133732
71609216_S4_L001	HLA-G	G*01:01:01	4.50196	0.133732
71609216_S4_L001	HLA-H	H*01:02	27.982	0.756947
71609216_S4_L001	HLA-H	H*02:05	41.9766	1.13552
71609216_S4_L001	HLA-J	J*01:01:01:01/J*01:01:01:02/J*01:01:01:03/J*01:01:01:04/J*01:01:01:05	4.516095	0.122304
71609216_S4_L001	HLA-J	J*01:01:01:01/J*01:01:01:02/J*01:01:01:03/J*01:01:01:04/J*01:01:01:05	4.516095	0.122304
71609216_S4_L001	HLA-K	K*01:02	171.304	4.649745
71609216_S4_L001	HLA-K	K*01:02	171.304	4.649745
71609216_S4_L001	HLA-L	L*01:01:01	25.0246	0.676946
71609216_S4_L001	HLA-L	L*01:01:02	25.0231	0.676903
71609216_S4_L001	HLA-W	W*01:01:01:01/W*01:01:01:02/W*01:01:01:04	2.5	0.0825275
71609216_S4_L001	HLA-W	W*01:01:01:01/W*01:01:01:02/W*01:01:01:04	2.5	0.0825275
71609216_S4_L001	HLA-Y	Y*02:01	1476.34	57.6335
71609216_S4_L001	HLA-Y	Y*02:01	1476.34	57.6335
71609292_S5_L001	HLA-A	A*02:01:01	121747	2032.18
71609292_S5_L001	HLA-A	A*68:01:02	119690	1997.86
71609292_S5_L001	HLA-B	B*44:02:01:01/B*44:02:01:03/B*44:02:01:04/B*44:02:01:05/B*44:02:01:06	168399	2839.45
71609292_S5_L001	HLA-B	B*58:01:01	192472	3245.35
71609292_S5_L001	HLA-C	C*05:01:01	136164	2265.24
71609292_S5_L001	HLA-C	C*07:18	166504	2769.98
71609292_S5_L001	HLA-DMA	DMA*01:01:01	1018.86	26.09755
71609292_S5_L001	HLA-DMA	DMA*01:01:01	1018.86	26.09755
71609292_S5_L001	HLA-DMB	DMB*01:01:01	458.32	11.6202
71609292_S5_L001	HLA-DMB	DMB*01:03:01	442.791	11.2265
71609292_S5_L001	HLA-DOA	DOA*01:01:02	23	0.62443
71609292_S5_L001	HLA-DOA	DOA*01:01:02	23	0.62443
71609292_S5_L001	HLA-DOB	DOB*01:01:01	38.0426	0.916342
71609292_S5_L001	HLA-DOB	DOB*01:01:03	47.5532	1.14543
71609292_S5_L001	HLA-DPA1	DPA1*01:03:01	3494.59	89.9749
71609292_S5_L001	HLA-DPA1	DPA1*02:01:01	3211.41	82.684
71609292_S5_L001	HLA-DPB1	DPB1*01:01:02	3168.24	82.424
71609292_S5_L001	HLA-DPB1	DPB1*04:01:01	2365.76	61.5468
71609292_S5_L001	HLA-DQA1	DQA1*01:02:01	373.683	9.87629
71609292_S5_L001	HLA-DQA1	DQA1*01:03:01	736.446	19.464
71609292_S5_L001	HLA-DQB1	DQB1*06:02:01	3104.21	79.5129
71609292_S5_L001	HLA-DQB1	DQB1*06:03:01	3538.79	90.6443
71609292_S5_L001	HLA-DRA	DRA*01:02:02	7338.05	194.976
71609292_S5_L001	HLA-DRA	DRA*01:02:03	8765.95	232.916
71609292_S5_L001	HLA-DRB1	DRB1*13:01:01	5886.64	147.005
71609292_S5_L001	HLA-DRB1	DRB1*15:01:01	5936.9	148.26
71609292_S5_L001	HLA-DRB3	DRB3*01:01:02	1071.025	26.7464
71609292_S5_L001	HLA-DRB3	DRB3*01:01:02	1071.025	26.7464
71609292_S5_L001	HLA-DRB4	DRB4*01:01:01	1.000425	0.02498325
71609292_S5_L001	HLA-DRB4	DRB4*01:01:01	1.000425	0.02498325
71609292_S5_L001	HLA-DRB5	DRB5*01:01:01	1967.2	49.1263
71609292_S5_L001	HLA-DRB5	DRB5*01:01:01	1967.2	49.1263
71609292_S5_L001	HLA-E	E*01:03:01	52695.4	900.72
71609292_S5_L001	HLA-E	E*01:03:02	55356.9	946.213
71609292_S5_L001	HLA-F	F*01:01:01	6485.97	115.627
71609292_S5_L001	HLA-F	F*01:01:02	15724.1	280.318
71609292_S5_L001	HLA-G	G*01:01:02	7.5039	0.137719
71609292_S5_L001	HLA-G	G*01:01:02	7.5039	0.137719
71609292_S5_L001	HLA-H	H*01:01:01	28.3356	0.474034
71609292_S5_L001	HLA-H	H*02:05	30.1996	0.505217
71609292_S5_L001	HLA-J	J*01:01:01:01/J*01:01:01:02/J*01:01:01:03/J*01:01:01:04/J*01:01:01:05	1.00001	0.0167482
71609292_S5_L001	HLA-J	J*01:01:01:01/J*01:01:01:02/J*01:01:01:03/J*01:01:01:04/J*01:01:01:05	1.00001	0.0167482
71609292_S5_L001	HLA-K	K*01:02	32.5019	0.545565
71609292_S5_L001	HLA-K	K*01:02	32.5019	0.545565
71609292_S5_L001	HLA-L	L*01:01:01	11.00045	0.1840295
71609292_S5_L001	HLA-L	L*01:01:01	11.00045	0.1840295
71609292_S5_L001	HLA-W	W*03:01:01	16.50015	0.3422815
71609292_S5_L001	HLA-W	W*03:01:01	16.50015	0.3422815
71609292_S5_L001	HLA-Y	Y*02:01	30.91985	0.74358
71609292_S5_L001	HLA-Y	Y*02:01	30.91985	0.74358
71609296_S2_L001	HLA-A	A*02:01:01	96661.2	2719.33
71609296_S2_L001	HLA-A	A*32:01:01	67675.8	1903.9
71609296_S2_L001	HLA-B	B*51:01:01	130058.5	3696.375
71609296_S2_L001	HLA-B	B*51:01:01	130058.5	3696.375
71609296_S2_L001	HLA-C	C*02:02:02	91488.3	2565.13
71609296_S2_L001	HLA-C	C*14:02:01	98300.5	2756.13
71609296_S2_L001	HLA-DMA	DMA*01:01:01	2407.63	104.4315
71609296_S2_L001	HLA-DMA	DMA*01:01:01	2407.63	104.4315
71609296_S2_L001	HLA-DMB	DMB*01:01:01	1381.29	59.2959
71609296_S2_L001	HLA-DMB	DMB*01:03:01	1219.36	52.3449
71609296_S2_L001	HLA-DOA	DOA*01:01:01	132	6.0735
71609296_S2_L001	HLA-DOA	DOA*01:01:01	132	6.0735
71609296_S2_L001	HLA-DOB	DOB*01:01:01	132.301	5.39215
71609296_S2_L001	HLA-DOB	DOB*01:01:01	132.301	5.39215
71609296_S2_L001	HLA-DPA1	DPA1*01:03:01	12814.5	558.745
71609296_S2_L001	HLA-DPA1	DPA1*01:03:01	12814.5	558.745
71609296_S2_L001	HLA-DPB1	DPB1*02:01:02	9748.7	429.563
71609296_S2_L001	HLA-DPB1	DPB1*04:02:01	10070.6	443.749
71609296_S2_L001	HLA-DPB2	DPB2*01:01:01	3.5	0.1544955
71609296_S2_L001	HLA-DPB2	DPB2*01:01:01	3.5	0.1544955
71609296_S2_L001	HLA-DQA1	DQA1*01:02:01	2428.23	108.723
71609296_S2_L001	HLA-DQA1	DQA1*01:02:02	4093.42	183.282
71609296_S2_L001	HLA-DQB1	DQB1*05:02:01	6881.48	298.486
71609296_S2_L001	HLA-DQB1	DQB1*06:02:01	7244.52	314.233
71609296_S2_L001	HLA-DRA	DRA*01:01:01	29279.1	1318.04
71609296_S2_L001	HLA-DRA	DRA*01:02:03	27073.9	1218.77
71609296_S2_L001	HLA-DRB1	DRB1*15:01:01	16852.7	712.43
71609296_S2_L001	HLA-DRB1	DRB1*16:01:01	17761.7	750.857
71609296_S2_L001	HLA-DRB3	DRB3*03:01:01	7.45065	0.3149695
71609296_S2_L001	HLA-DRB3	DRB3*03:01:01	7.45065	0.3149695
71609296_S2_L001	HLA-DRB4	DRB4*01:01:01	2.000895	0.084586
71609296_S2_L001	HLA-DRB4	DRB4*01:01:01	2.000895	0.084586
71609296_S2_L001	HLA-DRB5	DRB5*01:01:01	13804	583.552
71609296_S2_L001	HLA-DRB5	DRB5*02:02:01	16591.3	701.381
71609296_S2_L001	HLA-DRB7	DRB7*01:01:01	2.500075	0.1064085
71609296_S2_L001	HLA-DRB7	DRB7*01:01:01	2.500075	0.1064085
71609296_S2_L001	HLA-E	E*01:01:01	40621.2	1170.48
71609296_S2_L001	HLA-E	E*01:03:02	34926.5	1006.39
71609296_S2_L001	HLA-F	F*01:01:01	6789.73	204.126
71609296_S2_L001	HLA-F	F*01:01:02	10126.6	304.445
71609296_S2_L001	HLA-G	G*01:01:01	6.4623	0.200066
71609296_S2_L001	HLA-G	G*01:01:01	6.4623	0.200066
71609296_S2_L001	HLA-H	H*01:01:01	42.5683	1.20026
71609296_S2_L001	HLA-H	H*02:03	23.6672	0.671879
71609296_S2_L001	HLA-J	J*01:01:01:08	1.500015	0.0430237
71609296_S2_L001	HLA-J	J*01:01:01:08	1.500015	0.0430237
71609296_S2_L001	HLA-K	K*01:01:01:04	67.225	1.89978
71609296_S2_L001	HLA-K	K*01:02	49.7838	1.40849
71609296_S2_L001	HLA-L	L*01:01:01	15.5006	0.437058
71609296_S2_L001	HLA-L	L*01:01:01	15.5006	0.437058
71609296_S2_L001	HLA-Y	Y*01:01	13.50685	0.3799835
71609296_S2_L001	HLA-Y	Y*01:01	13.50685	0.3799835
71609297_S3_L001	HLA-A	A*02:07:01	67600.1	1352.85
71609297_S3_L001	HLA-A	A*30:01:01	54022.9	1081.13
71609297_S3_L001	HLA-B	B*13:02:01	164605	3327.76
71609297_S3_L001	HLA-B	B*46:01:01	87316.2	1765.24
71609297_S3_L001	HLA-C	C*01:02:01	91458.2	1824.17
71609297_S3_L001	HLA-C	C*06:02:01	120809	2409.57
71609297_S3_L001	HLA-DMA	DMA*01:01:01	3431.67	105.6
71609297_S3_L001	HLA-DMA	DMA*01:02	3272.78	100.711
71609297_S3_L001	HLA-DMB	DMB*01:01:01	927.86	28.26015
71609297_S3_L001	HLA-DMB	DMB*01:01:01	927.86	28.26015
71609297_S3_L001	HLA-DOA	DOA*01:01:01	19.375	0.632171
71609297_S3_L001	HLA-DOA	DOA*01:01:02	11.625	0.379302
71609297_S3_L001	HLA-DOB	DOB*01:01:01	109.102	3.156
71609297_S3_L001	HLA-DOB	DOB*01:04:01	173.995	5.03319
71609297_S3_L001	HLA-DPA1	DPA1*02:01:01	4280.38	132.402
71609297_S3_L001	HLA-DPA1	DPA1*02:02:02	3613.62	111.777
71609297_S3_L001	HLA-DPB1	DPB1*02:02:01	7618.54	238.133
71609297_S3_L001	HLA-DPB1	DPB1*17:01:01	9624.46	300.833
71609297_S3_L001	HLA-DPB2	DPB2*01:01:01	1.5	0.0469679
71609297_S3_L001	HLA-DPB2	DPB2*01:01:01	1.5	0.0469679
71609297_S3_L001	HLA-DQA1	DQA1*02:01:01	2231.49	71.247
71609297_S3_L001	HLA-DQA1	DQA1*02:01:01	2231.49	71.247
71609297_S3_L001	HLA-DQB1	DQB1*02:02:01	2421.83	74.5253
71609297_S3_L001	HLA-DQB1	DQB1*03:01:01	3239.14	99.6756
71609297_S3_L001	HLA-DRA	DRA*01:01:01	11400.5	363.996
71609297_S3_L001	HLA-DRA	DRA*01:01:01	11400.5	363.996
71609297_S3_L001	HLA-DRB1	DRB1*07:01:01	20981.1	629.366
71609297_S3_L001	HLA-DRB1	DRB1*12:02:01	23030.9	690.854
71609297_S3_L001	HLA-DRB3	DRB3*03:01:03	2033.125	60.9875
71609297_S3_L001	HLA-DRB3	DRB3*03:01:03	2033.125	60.9875
71609297_S3_L001	HLA-DRB4	DRB4*01:03:01	2301.785	69.0465
71609297_S3_L001	HLA-DRB4	DRB4*01:03:01	2301.785	69.0465
71609297_S3_L001	HLA-DRB5	DRB5*01:01:01	5.0002	0.14999
71609297_S3_L001	HLA-DRB5	DRB5*01:01:01	5.0002	0.14999
71609297_S3_L001	HLA-E	E*01:01:01	21820.6	447.223
71609297_S3_L001	HLA-E	E*01:03:02	24030.2	492.509
71609297_S3_L001	HLA-F	F*01:01:01	7716.55	164.9785
71609297_S3_L001	HLA-F	F*01:01:01	7716.55	164.9785
71609297_S3_L001	HLA-G	G*01:01:01	2.14074	0.04712455
71609297_S3_L001	HLA-G	G*01:01:01	2.14074	0.04712455
71609297_S3_L001	HLA-H	H*01:01:01	59.233	1.18807
71609297_S3_L001	HLA-H	H*02:05	80.7017	1.61868
71609297_S3_L001	HLA-J	J*01:01:01:08	18.5003	0.377437
71609297_S3_L001	HLA-J	J*01:01:01:08	18.5003	0.377437
71609297_S3_L001	HLA-K	K*01:02	70.0005	1.40879
71609297_S3_L001	HLA-K	K*01:02	70.0005	1.40879
71609297_S3_L001	HLA-L	L*01:01:01	11.5004	0.230669
71609297_S3_L001	HLA-L	L*01:01:01	11.5004	0.230669
71609297_S3_L001	HLA-Y	Y*02:01	600.105	17.3313
71609297_S3_L001	HLA-Y	Y*02:01	600.105	17.3313
71609344_S6_L001	HLA-A	A*01:01:01	39656.7	761.925
71609344_S6_L001	HLA-A	A*32:01:01	30207	580.368
71609344_S6_L001	HLA-B	B*35:01:01	67272.7	1305.76
71609344_S6_L001	HLA-B	B*35:02:01	71185.4	1381.7
71609344_S6_L001	HLA-C	C*04:01:01	58406	1118.38
71609344_S6_L001	HLA-C	C*04:01:01	58406	1118.38
71609344_S6_L001	HLA-DMA	DMA*01:01:01	2381.905	70.511
71609344_S6_L001	HLA-DMA	DMA*01:01:01	2381.905	70.511
71609344_S6_L001	HLA-DMB	DMB*01:01:01	414.397	12.1411
71609344_S6_L001	HLA-DMB	DMB*01:01:01	414.397	12.1411
71609344_S6_L001	HLA-DOA	DOA*01:01:02	38.3226	1.20328
71609344_S6_L001	HLA-DOA	DOA*01:01:04	60.6774	1.90519
71609344_S6_L001	HLA-DOB	DOB*01:01:01	108.39	3.01524
71609344_S6_L001	HLA-DOB	DOB*01:01:03	85.8088	2.38707
71609344_S6_L001	HLA-DPA1	DPA1*01:03:01	5716	170.093
71609344_S6_L001	HLA-DPA1	DPA1*01:03:01	5716	170.093
71609344_S6_L001	HLA-DPA2	DPA2*02:01	4	0.130386
71609344_S6_L001	HLA-DPA2	DPA2*02:01	4	0.130386
71609344_S6_L001	HLA-DPB1	DPB1*02:01:02	6601.06	198.506
71609344_S6_L001	HLA-DPB1	DPB1*04:01:01	5594.45	168.236
71609344_S6_L001	HLA-DPB2	DPB2*01:01:01	2	0.06025
71609344_S6_L001	HLA-DPB2	DPB2*01:01:01	2	0.06025
71609344_S6_L001	HLA-DQA1	DQA1*01:01:01	782.879	23.9217
71609344_S6_L001	HLA-DQA1	DQA1*05:05:01	704	21.6273
71609344_S6_L001	HLA-DQB1	DQB1*03:01:01	3142	93.0115
71609344_S6_L001	HLA-DQB1	DQB1*05:01:01	14591	431.933
71609344_S6_L001	HLA-DRA	DRA*01:01:01	14759.5	453.421
71609344_S6_L001	HLA-DRA	DRA*01:01:01	14759.5	453.421
71609344_S6_L001	HLA-DRB1	DRB1*01:01:01	18389.5	530.588
71609344_S6_L001	HLA-DRB1	DRB1*11:04:01	12280	354.314
71609344_S6_L001	HLA-DRB2	DRB2*01:01	3.000635	0.16773
71609344_S6_L001	HLA-DRB2	DRB2*01:01	3.000635	0.16773
71609344_S6_L001	HLA-DRB3	DRB3*02:02:01	906.475	26.1543
71609344_S6_L001	HLA-DRB3	DRB3*02:02:01	906.475	26.1543
71609344_S6_L001	HLA-DRB4	DRB4*01:01:01	3.000865	0.0865835
71609344_S6_L001	HLA-DRB4	DRB4*01:01:01	3.000865	0.0865835
71609344_S6_L001	HLA-DRB5	DRB5*02:02:01	4	0.1154115
71609344_S6_L001	HLA-DRB5	DRB5*02:02:01	4	0.1154115
71609344_S6_L001	HLA-E	E*01:01:01	19764.15	388.933
71609344_S6_L001	HLA-E	E*01:01:01	19764.15	388.933
71609344_S6_L001	HLA-F	F*01:01:01	1563.6	32.1035
71609344_S6_L001	HLA-F	F*01:01:02	3389.33	69.589
71609344_S6_L001	HLA-G	G*01:01:02	4.00223	0.084618
71609344_S6_L001	HLA-G	G*01:01:02	4.00223	0.084618
71609344_S6_L001	HLA-H	H*02:01:01	76.011	1.4637
71609344_S6_L001	HLA-H	H*02:03	55.5628	1.07724
71609344_S6_L001	HLA-J	J*01:01:01:08	4.5	0.0881475
71609344_S6_L001	HLA-J	J*01:01:01:08	4.5	0.0881475
71609344_S6_L001	HLA-K	K*01:01:01:02	51.2534	0.990314
71609344_S6_L001	HLA-K	K*01:01:01:04	118.805	2.29295
71609344_S6_L001	HLA-L	L*01:01:01	168.521	3.245115
71609344_S6_L001	HLA-L	L*01:01:01	168.521	3.245115
71609344_S6_L001	HLA-Y	Y*01:01	18.2515	0.350667
71609344_S6_L001	HLA-Y	Y*01:01	18.2515	0.350667
71609373_S1_L001	HLA-A	A*23:01:01	40263.3	760.473
71609373_S1_L001	HLA-A	A*31:01:02	33341.1	629.73
71609373_S1_L001	HLA-B	B*27:05:02	113659	2168.75
71609373_S1_L001	HLA-B	B*44:03:01	107445	2050.18
71609373_S1_L001	HLA-C	C*02:02:02	55935	1052.91
71609373_S1_L001	HLA-C	C*04:01:01	75856.4	1427.91
71609373_S1_L001	HLA-DMA	DMA*01:01:01	3029.105	88.1795
71609373_S1_L001	HLA-DMA	DMA*01:01:01	3029.105	88.1795
71609373_S1_L001	HLA-DMB	DMB*01:01:01	469.46	13.5258
71609373_S1_L001	HLA-DMB	DMB*01:03:01	422.151	12.1627
71609373_S1_L001	HLA-DOA	DOA*01:01:02	76.111	2.35018
71609373_S1_L001	HLA-DOA	DOA*01:01:04	62.889	1.94191
71609373_S1_L001	HLA-DOB	DOB*01:01:01	164.877	4.51031
71609373_S1_L001	HLA-DOB	DOB*01:01:01	164.877	4.51031
71609373_S1_L001	HLA-DPA1	DPA1*01:03:01	5e3	146.315
71609373_S1_L001	HLA-DPA1	DPA1*01:03:01	5e3	146.315
71609373_S1_L001	HLA-DPA2	DPA2*01:01:01:01	9.5	0.3045415
71609373_S1_L001	HLA-DPA2	DPA2*01:01:01:01	9.5	0.3045415
71609373_S1_L001	HLA-DPB1	DPB1*04:01:01	6452.7	190.822
71609373_S1_L001	HLA-DPB1	DPB1*04:01:01	6452.7	190.822
71609373_S1_L001	HLA-DPB2	DPB2*03:01:01:01/DPB2*03:01:01:02	7.50115	0.2222185
71609373_S1_L001	HLA-DPB2	DPB2*03:01:01:01/DPB2*03:01:01:02	7.50115	0.2222185
71609373_S1_L001	HLA-DQA1	DQA1*02:01:01	1477.345	44.6325
71609373_S1_L001	HLA-DQA1	DQA1*02:01:01	1477.345	44.6325
71609373_S1_L001	HLA-DQB1	DQB1*05:03:01:01/DQB1*05:03:01:02	11428.6	319.408
71609373_S1_L001	HLA-DQB1	DQB1*05:03:01:03	14498.8	422.072
71609373_S1_L001	HLA-DRA	DRA*01:01:01	19259.5	581.855
71609373_S1_L001	HLA-DRA	DRA*01:01:01	19259.5	581.855
71609373_S1_L001	HLA-DRB1	DRB1*07:01:01	11030.3	312.963
71609373_S1_L001	HLA-DRB1	DRB1*14:54:01	17491.4	496.285
71609373_S1_L001	HLA-DRB2	DRB2*01:01	6.50035	0.3570125
71609373_S1_L001	HLA-DRB2	DRB2*01:01	6.50035	0.3570125
71609373_S1_L001	HLA-DRB3	DRB3*02:02:01	1192.855	33.84495
71609373_S1_L001	HLA-DRB3	DRB3*02:02:01	1192.855	33.84495
71609373_S1_L001	HLA-DRB4	DRB4*01:01:01	2223.31	63.082
71609373_S1_L001	HLA-DRB4	DRB4*01:01:01	2223.31	63.082
71609373_S1_L001	HLA-DRB5	DRB5*02:02:01	7.00115	0.1986445
71609373_S1_L001	HLA-DRB5	DRB5*02:02:01	7.00115	0.1986445
71609373_S1_L001	HLA-DRB7	DRB7*01:01:01	1.5	0.04284905
71609373_S1_L001	HLA-DRB7	DRB7*01:01:01	1.5	0.04284905
71609373_S1_L001	HLA-E	E*01:01:01	31124	602.117
71609373_S1_L001	HLA-E	E*01:03:01	29816.5	576.823
71609373_S1_L001	HLA-F	F*01:01:01	1236.845	24.9661
71609373_S1_L001	HLA-F	F*01:01:01	1236.845	24.9661
71609373_S1_L001	HLA-G	G*01:04:01	6.50225	0.1351605
71609373_S1_L001	HLA-G	G*01:04:01	6.50225	0.1351605
71609373_S1_L001	HLA-H	H*02:04	106.944	2.00633
71609373_S1_L001	HLA-H	H*02:04	106.944	2.00633
71609373_S1_L001	HLA-K	K*01:01:01:02	103.81	1.97184
71609373_S1_L001	HLA-K	K*01:03	156.166	2.97307
71609373_S1_L001	HLA-L	L*01:01:01	117.005	2.214925
71609373_S1_L001	HLA-L	L*01:01:01	117.005	2.214925
71609373_S1_L001	HLA-W	W*01:01:01:01/W*01:01:01:02/W*01:01:01:04	1.500005	0.03464765
71609373_S1_L001	HLA-W	W*01:01:01:01/W*01:01:01:02/W*01:01:01:04	1.500005	0.03464765
71609373_S1_L001	HLA-Y	Y*02:01	2014.275	55.012
71609373_S1_L001	HLA-Y	Y*02:01	2014.275	55.012
