subject	locus	est_counts	tpm
sample_01	HLA-A	18230.462222	356.872546
sample_01	HLA-B	48511.384896	1004.594472
sample_01	HLA-C	29254.213912	686.005168
sample_01	HLA-DMA	1293.001466	52.953148999999996
sample_01	HLA-DMB	726.981657	18.834079
sample_01	HLA-DOA	165.000187	1.540848
sample_01	HLA-DOB	168.412142	4.4796640000000005
sample_01	HLA-DPA1	10467.01187	418.858889
sample_01	HLA-DPB1	5203.005637	270.215112
sample_01	HLA-DQA1	6491.853012	289.42350700000003
sample_01	HLA-DQB1	1957.060068	40.075479
sample_01	HLA-DRA	26140.029645	773.754657
sample_01	HLA-DRB1	14124.936759	425.84701700000005
sample_01	HLA-DRB5	2307.342423	63.490038
sample_01	HLA-E	6436.216241	132.529358
sample_01	HLA-F	2609.556133	66.59563999999999
sample_01	HLA-G	8.008069	0.182065
sample_02	HLA-A	34303.502626999994	629.641286
sample_02	HLA-B	36888.522379	714.0340100000001
sample_02	HLA-C	31094.347055000002	747.089889
sample_02	HLA-DMA	1067.0122059999999	40.540543
sample_02	HLA-DMB	962.500551	23.796798
sample_02	HLA-DOA	366.004187	3.299146
sample_02	HLA-DOB	74.296825	1.852279
sample_02	HLA-DPA1	8784.100486	344.899305
sample_02	HLA-DPB1	5293.06055	251.464662
sample_02	HLA-DQA1	4732.147806999999	409.678155
sample_02	HLA-DQB1	3550.25749	69.50847999999999
sample_02	HLA-DRA	11873.135823	344.347512
sample_02	HLA-DRB1	8230.045642	230.1354
sample_02	HLA-DRB5	2043.377802	52.244611
sample_02	HLA-E	5244.009887	96.993369
sample_02	HLA-F	2155.078343	54.974022999999995
sample_02	HLA-G	187.457242	4.25532
sample_03	HLA-A	36890.261138999995	877.657645
sample_03	HLA-B	13857.474602	348.95239200000003
sample_03	HLA-C	11827.381613	364.059955
sample_03	HLA-DMA	1299.02153	65.278021
sample_03	HLA-DMB	305.785565	9.420521
sample_03	HLA-DOA	312.005171	3.510662
sample_03	HLA-DOB	158.383893	5.8428510000000005
sample_03	HLA-DPA1	7324.121389	346.570564
sample_03	HLA-DPB1	3913.064854	248.886934
sample_03	HLA-DQA1	2615.732846	267.656163
sample_03	HLA-DQB1	743.458941	18.21654
sample_03	HLA-DRA	13066.216557	465.021883
sample_03	HLA-DRB1	3824.173386	152.51879200000002
sample_03	HLA-DRB5	1592.200175	52.510844
sample_03	HLA-E	6863.334397	164.02855399999999
sample_03	HLA-F	4504.509921999999	142.244852
sample_03	HLA-G	131.608889	3.998081
sample_04	HLA-A	27321.284158000002	618.23665
sample_04	HLA-B	44232.57522599999	1053.899297
sample_04	HLA-C	32165.793722	934.297415
sample_04	HLA-DMA	1593.023867	79.786122
sample_04	HLA-DMB	1135.160066	33.80712
sample_04	HLA-DOA	746.0111770000001	11.034471
sample_04	HLA-DOB	135.23013	4.157732
sample_04	HLA-DPA1	12249.183514	566.859917
sample_04	HLA-DPB1	6905.102096	412.69228200000003
sample_04	HLA-DQA1	8023.460852	834.158153
sample_04	HLA-DQB1	5149.4543	123.314431
sample_04	HLA-DRA	16912.253375	584.890308
sample_04	HLA-DRB1	9906.631604	419.955658
sample_04	HLA-DRB5	4188.682861	132.711866
sample_04	HLA-E	6173.300638	146.214741
sample_04	HLA-F	2066.32803	61.553342
sample_04	HLA-G	25.026628	0.742633
sample_05	HLA-A	37971.749763	713.8127890000001
sample_05	HLA-B	51096.124604000004	1023.0611570000001
sample_05	HLA-C	25926.743175	549.514411
sample_05	HLA-DMA	1374.012922	58.809784
sample_05	HLA-DMB	326.399387	8.478488
sample_05	HLA-DOA	369.00347	3.714771
sample_05	HLA-DOB	84.706051	3.260751
sample_05	HLA-DPA1	6626.062315	346.373666
sample_05	HLA-DPB1	9649.090210999999	483.64912
sample_05	HLA-DQA1	9674.998271	871.732168
sample_05	HLA-DQB1	5618.817806999999	115.454357
sample_05	HLA-DRA	20021.188289	604.626876
sample_05	HLA-DRB1	20480.87403	662.186745
sample_05	HLA-DRB5	3971.461381	107.780898
sample_05	HLA-E	5362.95053	102.19050100000001
sample_05	HLA-F	6196.700766	153.26281799999998
sample_05	HLA-G	44.138791000000005	1.036247
sample_06	HLA-A	35674.295968	791.870311
sample_06	HLA-B	42946.195664	1007.400813
sample_06	HLA-C	27650.16691	759.3526830000001
sample_06	HLA-DMA	1098.025635	51.412577
sample_06	HLA-DMB	342.43646	10.196164
sample_06	HLA-DOA	472.01102	5.108548
sample_06	HLA-DOB	158.251651	6.2997890000000005
sample_06	HLA-DPA1	9383.219065	429.853305
sample_06	HLA-DPB1	4341.10135	248.827746
sample_06	HLA-DQA1	3112.605874	313.81280000000004
sample_06	HLA-DQB1	2327.5116500000004	54.849387
sample_06	HLA-DRA	30467.711313	1053.908753
sample_06	HLA-DRB1	4648.38894	171.28969
sample_06	HLA-DRB5	1911.197028	60.195427
sample_06	HLA-E	4733.012992	108.36118
sample_06	HLA-F	4371.1320989999995	127.456833
sample_06	HLA-G	35.150631	0.988029
sample_07	HLA-A	33658.006374000004	712.854152
sample_07	HLA-B	40632.380635	930.92426
sample_07	HLA-C	24312.715417	639.572498
sample_07	HLA-DMA	1015.021087	47.728317000000004
sample_07	HLA-DMB	230.541181	6.442086
sample_07	HLA-DOA	184.00382199999999	2.529876
sample_07	HLA-DOB	131.030912	3.738629
sample_07	HLA-DPA1	10871.225844999999	473.943236
sample_07	HLA-DPB1	5856.12031	323.93840900000004
sample_07	HLA-DQA1	7273.359331	770.356996
sample_07	HLA-DQB1	4857.914888	108.29959600000001
sample_07	HLA-DRA	29425.611303	951.249917
sample_07	HLA-DRB1	8460.161313	275.75059
sample_07	HLA-DRB5	5978.432573	176.445333
sample_07	HLA-E	5633.740788	128.60475100000002
sample_07	HLA-F	4231.149524	119.96820199999999
sample_07	HLA-G	45.276856	1.294481
sample_08	HLA-A	47210.418056999995	842.324264
sample_08	HLA-B	55023.838914	1051.391333
sample_08	HLA-C	27135.645883999998	582.24436
sample_08	HLA-DMA	2026.02074	81.585911
sample_08	HLA-DMB	269.711667	6.637337
sample_08	HLA-DOA	117.001198	1.345736
sample_08	HLA-DOB	67.894848	1.730731
sample_08	HLA-DPA1	4834.049484	240.372725
sample_08	HLA-DPB1	7002.0716760000005	330.424174
sample_08	HLA-DQA1	7195.935022	679.0084649999999
sample_08	HLA-DQB1	5299.451037000001	103.451853
sample_08	HLA-DRA	32588.333589	947.714087
sample_08	HLA-DRB1	10954.704236000001	297.04105799999996
sample_08	HLA-DRB5	5402.733175	137.479023
sample_08	HLA-E	4654.943052	84.770456
sample_08	HLA-F	5995.463974	140.545868
sample_08	HLA-G	70.227445	1.56566
sample_09	HLA-A	35238.315579	679.245397
sample_09	HLA-B	31221.399823	648.974025
sample_09	HLA-C	24704.774418999998	540.134915
sample_09	HLA-DMA	2398.00776	100.15127
sample_09	HLA-DMB	337.907015	8.848283
sample_09	HLA-DOA	240.000777	2.279261
sample_09	HLA-DOB	165.05853000000002	4.9920350000000004
sample_09	HLA-DPA1	7743.025056	449.05717
sample_09	HLA-DPB1	6797.021996	357.829798
sample_09	HLA-DQA1	9188.098617	920.100368
sample_09	HLA-DQB1	2319.7272470000003	47.710973
sample_09	HLA-DRA	41159.13319	1246.488487
sample_09	HLA-DRB1	13002.664837	402.60695799999996
sample_09	HLA-DRB5	6043.814777	166.523562
sample_09	HLA-E	5884.56243	113.997228
sample_09	HLA-F	2003.484336	52.231389
sample_09	HLA-G	115.181174	2.8163080000000003
sample_10	HLA-A	65510.565409	1145.037301
sample_10	HLA-B	57657.76364	1068.325173
sample_10	HLA-C	26429.655838	570.24111
sample_10	HLA-DMA	1908.0019730000001	68.011695
sample_10	HLA-DMB	712.078109	16.554759
sample_10	HLA-DOA	294.000304	2.447216
sample_10	HLA-DOB	342.465833	9.434656
sample_10	HLA-DPA1	5629.005821	262.737294
sample_10	HLA-DPB1	5887.006087	270.940433
sample_10	HLA-DQA1	11844.250208000001	1000.7318270000001
sample_10	HLA-DQB1	7486.559621	137.35375
sample_10	HLA-DRA	33011.034135	875.479559
sample_10	HLA-DRB1	15121.052985	395.75674200000003
sample_10	HLA-DRB5	8215.613116	201.819031
sample_10	HLA-E	7225.985007	130.931385
sample_10	HLA-F	2828.851323	65.061815
sample_10	HLA-G	88.55192	2.151389
sample_11	HLA-A	46727.91314	963.188727
sample_11	HLA-B	55971.662543000006	1222.9989950000001
sample_11	HLA-C	26587.112268	667.675516
sample_11	HLA-DMA	2124.006092	92.28877
sample_11	HLA-DMB	561.777996	15.065594
sample_11	HLA-DOA	233.00066800000002	4.453196999999999
sample_11	HLA-DOB	67.434338	2.440888
sample_11	HLA-DPA1	5283.015152	308.420883
sample_11	HLA-DPB1	1922.0055120000002	105.31031499999999
sample_11	HLA-DQA1	3733.576366	355.618882
sample_11	HLA-DQB1	2310.331717	49.149848
sample_11	HLA-DRA	12512.035886	384.667875
sample_11	HLA-DRB1	16017.920462	484.13240399999995
sample_11	HLA-DRB5	6521.976076	185.376191
sample_11	HLA-E	5784.050921	125.980446
sample_11	HLA-F	4202.431794	114.770404
sample_11	HLA-G	43.391439	1.269191
sample_12	HLA-A	36337.633299	753.654655
sample_12	HLA-B	45280.272059	1000.404119
sample_12	HLA-C	18293.377163	502.40920800000004
sample_12	HLA-DMA	1542.001646	68.74875
sample_12	HLA-DMB	1116.131383	31.201633
sample_12	HLA-DOA	530.000566	8.549214
sample_12	HLA-DOB	185.778418	6.669169
sample_12	HLA-DPA1	8399.008966	518.337993
sample_12	HLA-DPB1	6431.006864999999	352.175409
sample_12	HLA-DQA1	10298.037215	1149.0709619999998
sample_12	HLA-DQB1	3707.60158	81.89291399999999
sample_12	HLA-DRA	23425.025005	756.777849
sample_12	HLA-DRB1	20063.642845	645.8487190000001
sample_12	HLA-DRB5	13448.624001	397.942923
sample_12	HLA-E	11473.732349	238.526726
sample_12	HLA-F	6333.255572	171.377985
sample_12	HLA-G	112.73335	2.706281
sample_13	HLA-A	37624.292682	653.770723
sample_13	HLA-B	41702.173722	766.086141
sample_13	HLA-C	31320.162792	666.713563
sample_13	HLA-DMA	1537.006767	55.90848
sample_13	HLA-DMB	536.979688	12.530269
sample_13	HLA-DOA	335.001475	2.817058
sample_13	HLA-DOB	138.12643500000001	3.751005
sample_13	HLA-DPA1	4650.020472	229.462076
sample_13	HLA-DPB1	5648.024867	249.443783
sample_13	HLA-DQA1	8644.768065	693.0136930000001
sample_13	HLA-DQB1	5455.231333	99.09603899999999
sample_13	HLA-DRA	35197.154968	957.156369
sample_13	HLA-DRB1	16169.129097000001	419.239908
sample_13	HLA-DRB5	4466.795183	107.273512
sample_13	HLA-E	9650.506698	178.380617
sample_13	HLA-F	2131.015942	49.148337000000005
sample_13	HLA-G	49.127134	1.061903
sample_14	HLA-A	27143.885473000002	557.0865359999999
sample_14	HLA-B	12170.293579	264.885706
sample_14	HLA-C	4485.750981	111.780114
sample_14	HLA-DMA	2730.003368	118.640836
sample_14	HLA-DMB	746.358847	20.58582
sample_14	HLA-DOA	287.000355	3.9907700000000004
sample_14	HLA-DOB	317.925054	11.285591
sample_14	HLA-DPA1	8372.010329	357.009337
sample_14	HLA-DPB1	2356.002907	124.742976
sample_14	HLA-DQA1	14744.146847	1532.588623
sample_14	HLA-DQB1	6242.1779750000005	135.759265
sample_14	HLA-DRA	42369.052276	1342.116291
sample_14	HLA-DRB1	17461.351357	549.924115
sample_14	HLA-DRB5	7629.234619	220.823907
sample_14	HLA-E	7877.012137	170.067136
sample_14	HLA-F	1314.083186	35.603386
sample_14	HLA-G	25.122042	0.753266
sample_15	HLA-A	39333.147214	834.080276
sample_15	HLA-B	43401.930424	968.832848
sample_15	HLA-C	23308.869831	629.4675
sample_15	HLA-DMA	967.0181259999999	44.849982000000004
sample_15	HLA-DMB	359.284144	10.366226
sample_15	HLA-DOA	481.009016	5.071601
sample_15	HLA-DOB	152.194638	4.731301
sample_15	HLA-DPA1	6197.11616	374.51705599999997
sample_15	HLA-DPB1	5769.108136	305.206182
sample_15	HLA-DQA1	6197.892002	399.872667
sample_15	HLA-DQB1	5327.548603	122.145874
sample_15	HLA-DRA	15686.294025	531.655994
sample_15	HLA-DRB1	10972.996921	365.122352
sample_15	HLA-DRB5	8565.19073	258.804338
sample_15	HLA-E	10465.59131	233.26847199999997
sample_15	HLA-F	4593.675565	129.084934
sample_15	HLA-G	77.76563	2.088159
sample_16	HLA-A	53088.053198	1128.865861
sample_16	HLA-B	47442.399119	1072.890048
sample_16	HLA-C	33313.11976	828.861812
sample_16	HLA-DMA	3725.002486	169.497034
sample_16	HLA-DMB	770.146852	22.328432
sample_16	HLA-DOA	220.000146	3.1105039999999997
sample_16	HLA-DOB	179.936604	6.188606
sample_16	HLA-DPA1	8626.005755	517.488926
sample_16	HLA-DPB1	8852.005906999999	521.1509550000001
sample_16	HLA-DQA1	14227.171077	1543.795647
sample_16	HLA-DQB1	10627.960198	243.82599
sample_16	HLA-DRA	24874.016598	832.054597
sample_16	HLA-DRB1	12642.297677999999	516.554085
sample_16	HLA-DRB5	10039.003061	308.129092
sample_16	HLA-E	10668.424567	228.078993
sample_16	HLA-F	3236.8448869999997	90.753745
sample_16	HLA-G	39.195508000000004	1.032352
sample_17	HLA-A	50366.377376000004	1079.401862
sample_17	HLA-B	74782.571151	1735.232334
sample_17	HLA-C	30188.14958	761.320903
sample_17	HLA-DMA	1873.0214879999999	84.569196
sample_17	HLA-DMB	640.144531	17.890872
sample_17	HLA-DOA	390.004474	8.224156
sample_17	HLA-DOB	105.512898	3.045023
sample_17	HLA-DPA1	11405.130839	481.81832499999996
sample_17	HLA-DPB1	2655.030459	151.64153
sample_17	HLA-DQA1	8287.329754	769.2401120000001
sample_17	HLA-DQB1	8253.925425	184.113103
sample_17	HLA-DRA	29424.337557	932.811127
sample_17	HLA-DRB1	19377.066719000002	612.8610500000001
sample_17	HLA-DRB5	3653.640566	109.965931
sample_17	HLA-E	12692.936211	283.796631
sample_17	HLA-F	3380.778325	95.15210900000001
sample_17	HLA-G	34.030197	0.841875
sample_18	HLA-A	35750.434485000005	647.525706
sample_18	HLA-B	70379.651345	1346.3253080000002
sample_18	HLA-C	53230.473054	1070.699246
sample_18	HLA-DMA	2313.005789	93.62817700000001
sample_18	HLA-DMB	736.808844	18.250153
sample_18	HLA-DOA	407.001019	3.616145
sample_18	HLA-DOB	475.202202	13.886468
sample_18	HLA-DPA1	7180.01797	363.360517
sample_18	HLA-DPB1	12088.030254	553.598659
sample_18	HLA-DQA1	12275.592075999999	684.905607
sample_18	HLA-DQB1	5138.830067000001	99.517755
sample_18	HLA-DRA	52955.132538	1530.635638
sample_18	HLA-DRB1	23726.712817	696.7946450000001
sample_18	HLA-DRB5	16219.054108	417.347171
sample_18	HLA-E	19435.909008	358.818507
sample_18	HLA-F	3223.432522	76.600493
sample_18	HLA-G	68.95432600000001	1.647498
sample_19	HLA-A	13150.459578	258.47022
sample_19	HLA-B	14518.103274	307.96669099999997
sample_19	HLA-C	12207.672840000001	342.517315
sample_19	HLA-DMA	1609.002038	69.572588
sample_19	HLA-DMB	441.350034	11.525099
sample_19	HLA-DOA	296.000375	2.784059
sample_19	HLA-DOB	372.012223	12.015326
sample_19	HLA-DPA1	7480.009476	388.731394
sample_19	HLA-DPB1	6674.008455	341.557924
sample_19	HLA-DQA1	5299.016575	499.26847799999996
sample_19	HLA-DQB1	3379.985273	69.986244
sample_19	HLA-DRA	20580.026073	613.011927
sample_19	HLA-DRB1	5788.891062	229.473809
sample_19	HLA-DRB5	2538.400594	69.939921
sample_19	HLA-E	3217.174516	64.10718800000001
sample_19	HLA-F	1527.862484	39.840810000000005
sample_19	HLA-G	56.681816999999995	1.736111
sample_20	HLA-A	33598.347999	648.4785439999999
sample_20	HLA-B	49355.96667	1017.423669
sample_20	HLA-C	20448.282528	481.799539
sample_20	HLA-DMA	1375.022559	61.552104
sample_20	HLA-DMB	441.865169	11.83922
sample_20	HLA-DOA	113.001854	1.096918
sample_20	HLA-DOB	139.796492	3.920145
sample_20	HLA-DPA1	5917.097077	329.54208700000004
sample_20	HLA-DPB1	5587.091663	276.845842
sample_20	HLA-DQA1	3864.5175480000003	367.249348
sample_20	HLA-DQB1	2988.027936	63.309898
sample_20	HLA-DRA	15368.252135	479.587507
sample_20	HLA-DRB1	4393.179006	174.493051
sample_20	HLA-DRB5	1990.869672	55.702558
sample_20	HLA-E	8393.218122	163.682064
sample_20	HLA-F	5703.597151	144.238465
sample_20	HLA-G	62.341078	1.637432
sample_21	HLA-A	32059.869406	175.548541
sample_21	HLA-B	28574.130496	163.187231
sample_21	HLA-C	14984.54146	126.55589
sample_21	HLA-DMA	954.001559	11.001876
sample_21	HLA-DMB	310.512483	2.082575
sample_21	HLA-DOA	354.000579	1.7197870000000002
sample_21	HLA-DOB	250.403363	2.0294499999999998
sample_21	HLA-DPA1	4899.008004	87.801898
sample_21	HLA-DPB1	4796.007837	70.56056
sample_21	HLA-DQA1	7921.857785	228.429556
sample_21	HLA-DQB1	5800.986152	32.929317999999995
sample_21	HLA-DRA	12008.01962	93.29911
sample_21	HLA-DRB1	11037.122899	99.83727300000001
sample_21	HLA-DRB5	2263.495551	16.707376
sample_21	HLA-E	7112.610639	48.404529999999994
sample_21	HLA-F	1466.85998	11.870844
sample_21	HLA-G	57.352295	0.419358
sample_22	HLA-A	53984.436329000004	1121.390387
sample_22	HLA-B	69356.234862	1524.724307
sample_22	HLA-C	21565.62667	576.296048
sample_22	HLA-DMA	2130.019324	95.037611
sample_22	HLA-DMB	840.560144	23.215917
sample_22	HLA-DOA	514.004663	8.391616
sample_22	HLA-DOB	118.0178	3.957395
sample_22	HLA-DPA1	17890.162301	746.19626
sample_22	HLA-DPB1	8758.079453	484.015927
sample_22	HLA-DQA1	12774.105577	1334.153551
sample_22	HLA-DQB1	6609.924626	145.150174
sample_22	HLA-DRA	42879.389006	1349.284118
sample_22	HLA-DRB1	15886.433791	578.4302270000001
sample_22	HLA-DRB5	8325.659272	245.307414
sample_22	HLA-E	8164.746934	177.05981300000002
sample_22	HLA-F	2675.9492269999996	74.088358
sample_22	HLA-G	113.29577	3.465185
sample_23	HLA-A	31739.153391	593.4575719999999
sample_23	HLA-B	60947.163586999995	1206.728698
sample_23	HLA-C	20865.784159	436.56895499999996
sample_23	HLA-DMA	4482.0073250000005	176.577177
sample_23	HLA-DMB	1779.634654	44.401762
sample_23	HLA-DOA	470.000768	6.695608
sample_23	HLA-DOB	538.320103	14.862257
sample_23	HLA-DPA1	8837.014444	470.684196
sample_23	HLA-DPB1	5023.00821	242.295256
sample_23	HLA-DQA1	10913.432035	1097.575979
sample_23	HLA-DQB1	2837.1294540000004	56.393926
sample_23	HLA-DRA	26985.044106	783.415994
sample_23	HLA-DRB1	33293.387609	939.056112
sample_23	HLA-DRB5	8648.018698	228.248208
sample_23	HLA-E	5094.253042	94.72750199999999
sample_23	HLA-F	2466.247147	62.363685000000004
sample_23	HLA-G	173.72312599999998	4.041581
sample_24	HLA-A	46328.113663000004	953.3939290000001
sample_24	HLA-B	51826.568419	1136.292882
sample_24	HLA-C	26958.990597	720.415357
sample_24	HLA-DMA	1216.031559	52.216725000000004
sample_24	HLA-DMB	695.139774	19.220991
sample_24	HLA-DOA	432.011211	5.332323
sample_24	HLA-DOB	73.377475	2.663129
sample_24	HLA-DPA1	7147.185482	407.186918
sample_24	HLA-DPB1	7479.193928000001	419.00784500000003
sample_24	HLA-DQA1	8792.755570000001	922.706808
sample_24	HLA-DQB1	7303.2256959999995	160.874231
sample_24	HLA-DRA	15945.413811	510.206887
sample_24	HLA-DRB1	12749.673607	461.22344899999996
sample_24	HLA-DRB5	6399.401362	186.623777
sample_24	HLA-E	12832.204198	274.988656
sample_24	HLA-F	6296.781816000001	168.91010400000002
sample_24	HLA-G	62.326572	1.5875839999999999
sample_25	HLA-A	19740.530104	420.033814
sample_25	HLA-B	41553.601121	935.901204
sample_25	HLA-C	13140.36068	366.412641
sample_25	HLA-DMA	1253.029166	56.937561
sample_25	HLA-DMB	448.588863	12.740239
sample_25	HLA-DOA	392.009125	4.019261
sample_25	HLA-DOB	312.434877	9.995522
sample_25	HLA-DPA1	7607.177075	334.6095
sample_25	HLA-DPB1	6926.161223	393.058292
sample_25	HLA-DQA1	11644.599142	1246.7874219999999
sample_25	HLA-DQB1	5041.2626040000005	113.636167
sample_25	HLA-DRA	19932.463974	652.08042
sample_25	HLA-DRB1	17871.356180000002	576.904486
sample_25	HLA-DRB5	5973.37449	178.600245
sample_25	HLA-E	8034.415172	175.922614
sample_25	HLA-F	4748.4050800000005	132.08356
sample_25	HLA-G	65.676627	1.962603
sample_26	HLA-A	44598.003154000005	928.8231179999999
sample_26	HLA-B	47060.507897999996	1049.390698
sample_26	HLA-C	23569.788117	663.6112929999999
sample_26	HLA-DMA	1231.0014370000001	56.938797
sample_26	HLA-DMB	311.233764	8.783678
sample_26	HLA-DOA	418.000488	7.697628
sample_26	HLA-DOB	144.411153	5.719748
sample_26	HLA-DPA1	6585.007687	370.300891
sample_26	HLA-DPB1	5727.006685	318.48303899999996
sample_26	HLA-DQA1	10379.893001	561.398776
sample_26	HLA-DQB1	5714.5927520000005	127.522812
sample_26	HLA-DRA	27254.031811	882.67411
sample_26	HLA-DRB1	14562.702453	475.227599
sample_26	HLA-DRB5	6454.804384	192.62313
sample_26	HLA-E	13319.662428	286.838671
sample_26	HLA-F	2471.351756	67.581148
sample_26	HLA-G	94.758622	2.622855
sample_27	HLA-A	38301.235163	823.193342
sample_27	HLA-B	45764.822393	1043.7377700000002
sample_27	HLA-C	26164.028114	770.41751
sample_27	HLA-DMA	1326.005351	60.011127
sample_27	HLA-DMB	809.535574	22.776666
sample_27	HLA-DOA	328.001323	6.089966
sample_27	HLA-DOB	143.16805499999998	5.316146
sample_27	HLA-DPA1	6574.026526	399.894246
sample_27	HLA-DPB1	5138.020511	301.18483000000003
sample_27	HLA-DQA1	11905.299574	1173.328386
sample_27	HLA-DQB1	7149.021753	160.64255699999998
sample_27	HLA-DRA	29014.11707	931.160406
sample_27	HLA-DRB1	11903.381163	445.345103
sample_27	HLA-DRB5	3163.536072	95.144846
sample_27	HLA-E	6262.914779000001	132.563719
sample_27	HLA-F	4390.569138	123.705603
sample_27	HLA-G	203.810077	5.5350269999999995
sample_28	HLA-A	37663.336891	680.8106720000001
sample_28	HLA-B	78739.639664	1515.2691470000002
sample_28	HLA-C	35004.62342	826.393094
sample_28	HLA-DMA	3374.512338	132.91927099999998
sample_28	HLA-DMB	1582.554895	39.404088
sample_28	HLA-DOA	620.009704	5.60066
sample_28	HLA-DOB	1332.5144659999999	38.783356999999995
sample_28	HLA-DPA1	11458.179343	587.753194
sample_28	HLA-DPB1	9292.145441	434.123989
sample_28	HLA-DQA1	13743.822054	1410.120841
sample_28	HLA-DQB1	10980.3892	214.395678
sample_28	HLA-DRA	40984.641489	1196.977776
sample_28	HLA-DRB1	14258.746871	430.718823
sample_28	HLA-DRB5	15744.616088	406.83389
sample_28	HLA-E	12761.494743	233.907926
sample_28	HLA-F	3126.402532	74.148559
sample_28	HLA-G	76.575403	1.914421
sample_29	HLA-A	35106.430266	639.5212
sample_29	HLA-B	32747.279784000002	634.924606
sample_29	HLA-C	17216.775925	384.086008
sample_29	HLA-DMA	2926.0050770000003	116.909872
sample_29	HLA-DMB	760.758635	18.910765
sample_29	HLA-DOA	602.001045	5.430073
sample_29	HLA-DOB	359.36616399999997	9.883502
sample_29	HLA-DPA1	23956.041567	929.21095
sample_29	HLA-DPB1	19267.033431	910.1133990000001
sample_29	HLA-DQA1	16594.765919999998	1414.998219
sample_29	HLA-DQB1	7910.931337999999	154.756701
sample_29	HLA-DRA	77352.134218	2245.028767
sample_29	HLA-DRB1	30441.700511000003	903.462098
sample_29	HLA-DRB5	11547.783058	300.010512
sample_29	HLA-E	7475.165010000001	143.715198
sample_29	HLA-F	3361.100441	80.240198
sample_29	HLA-G	54.078847999999994	1.1830800000000001
sample_30	HLA-A	24999.357088999997	479.151905
sample_30	HLA-B	36585.366442	751.341738
sample_30	HLA-C	17641.277946000002	455.197071
sample_30	HLA-DMA	2271.048871	99.633564
sample_30	HLA-DMB	553.710653	14.424663
sample_30	HLA-DOA	235.005057	2.227147
sample_30	HLA-DOB	333.561225	11.089305999999999
sample_30	HLA-DPA1	16723.359872	668.944233
sample_30	HLA-DPB1	12756.274503999999	635.042832
sample_30	HLA-DQA1	10494.735542999999	1101.5467979999999
sample_30	HLA-DQB1	898.3310769999999	17.623231
sample_30	HLA-DRA	34656.745783	1054.622312
sample_30	HLA-DRB1	24876.278716	746.4469980000001
sample_30	HLA-DRB5	14800.145085	403.507736
sample_30	HLA-E	5438.780158	109.266946
sample_30	HLA-F	2412.4042809999996	61.262657
sample_30	HLA-G	45.202844	1.083409
sample_31	HLA-A	56600.812110000006	906.40024
sample_31	HLA-B	58504.478528	996.469995
sample_31	HLA-C	26705.198978999997	516.150619
sample_31	HLA-DMA	4326.003896	153.723276
sample_31	HLA-DMB	1259.758942	28.337259
sample_31	HLA-DOA	198.000178	1.608281
sample_31	HLA-DOB	755.5681169999999	18.899439
sample_31	HLA-DPA1	6193.005578	305.697293
sample_31	HLA-DPB1	8074.007272	320.191917
sample_31	HLA-DQA1	12646.367880999998	1022.4697
sample_31	HLA-DQB1	8466.568063	148.27016500000002
sample_31	HLA-DRA	62679.056453	1669.267196
sample_31	HLA-DRB1	34030.566603	814.7068750000001
sample_31	HLA-DRB5	6845.372006	156.251075
sample_31	HLA-E	9682.511197	155.33448099999998
sample_31	HLA-F	6979.566457	146.204818
sample_31	HLA-G	45.849585	0.879637
sample_32	HLA-A	75081.709603	1492.409359
sample_32	HLA-B	75070.358191	1596.5137789999999
sample_32	HLA-C	55650.701696	1474.937803
sample_32	HLA-DMA	4291.0123140000005	185.102137
sample_32	HLA-DMB	640.833124	17.202155
sample_32	HLA-DOA	749.002149	7.254204
sample_32	HLA-DOB	129.661861	3.78734
sample_32	HLA-DPA1	11293.032407	625.64679
sample_32	HLA-DPB1	11400.031042	630.5774580000001
sample_32	HLA-DQA1	17883.982795	1727.6205249999998
sample_32	HLA-DQB1	3748.635427	80.276596
sample_32	HLA-DRA	46529.13352	1446.67594
sample_32	HLA-DRB1	29271.398401000002	879.430405
sample_32	HLA-DRB5	4567.5560160000005	129.830633
sample_32	HLA-E	8805.308352	173.14974
sample_32	HLA-F	7463.296141000001	193.09217
sample_32	HLA-G	158.687843	4.206594
sample_33	HLA-A	36067.545166	734.7853349999999
sample_33	HLA-B	55782.795602	1230.595442
sample_33	HLA-C	29869.021399	726.787785
sample_33	HLA-DMA	2220.002294	91.782495
sample_33	HLA-DMB	1034.38396	27.223052
sample_33	HLA-DOA	410.000424	3.904044
sample_33	HLA-DOB	573.99605	18.629358
sample_33	HLA-DPA1	8718.009012	476.144439
sample_33	HLA-DPB1	10784.011149	579.195694
sample_33	HLA-DQA1	14565.846199	694.4180650000001
sample_33	HLA-DQB1	11294.718684	238.41569700000002
sample_33	HLA-DRA	48667.050313	1469.585695
sample_33	HLA-DRB1	22350.301367	667.060708
sample_33	HLA-DRB5	6290.969411	177.869972
sample_33	HLA-E	12975.598752	278.545762
sample_33	HLA-F	2940.796115	78.143778
sample_33	HLA-G	138.465309	3.522214
sample_34	HLA-A	31045.779911	626.673675
sample_34	HLA-B	41403.699911	887.05947
sample_34	HLA-C	19921.992584	427.457295
sample_34	HLA-DMA	2355.00102	107.046847
sample_34	HLA-DMB	704.039906	19.510963
sample_34	HLA-DOA	649.000282	8.122217
sample_34	HLA-DOB	847.971586	26.397064
sample_34	HLA-DPA1	13273.005755	775.1495719999999
sample_34	HLA-DPB1	10537.004569	563.610572
sample_34	HLA-DQA1	20640.613698	1985.2876919999999
sample_34	HLA-DQB1	13222.999967	288.36073400000004
sample_34	HLA-DRA	82708.035856	2638.736513
sample_34	HLA-DRB1	25181.186316	937.685883
sample_34	HLA-DRB5	10876.316032	317.440574
sample_34	HLA-E	8700.003771	180.811284
sample_34	HLA-F	4815.8711920000005	128.419198
sample_34	HLA-G	7.000003	0.163966
sample_35	HLA-A	60808.730692	1085.13841
sample_35	HLA-B	79591.445342	1505.470237
sample_35	HLA-C	27049.790996	602.057067
sample_35	HLA-DMA	2867.0385459999998	114.880802
sample_35	HLA-DMB	784.311092	19.828452
sample_35	HLA-DOA	639.008591	8.13577
sample_35	HLA-DOB	1181.962289	31.522754
sample_35	HLA-DPA1	11869.159577	627.291054
sample_35	HLA-DPB1	16765.225404	727.324606
sample_35	HLA-DQA1	21107.931578	1031.88736
sample_35	HLA-DQB1	13893.723124	277.179777
sample_35	HLA-DRA	34327.461523	1029.322491
sample_35	HLA-DRB1	36497.567135	1026.493292
sample_35	HLA-DRB5	16284.914597	425.145487
sample_35	HLA-E	14297.139108	255.585345
sample_35	HLA-F	7533.978193	176.022318
sample_35	HLA-G	131.840497	3.387133
sample_36	HLA-A	35296.51935	718.33706
sample_36	HLA-B	47083.400841	1041.99481
sample_36	HLA-C	18007.672006	427.620695
sample_36	HLA-DMA	1606.0193299999999	72.844541
sample_36	HLA-DMB	751.172918	20.484613
sample_36	HLA-DOA	661.0079559999999	8.061076
sample_36	HLA-DOB	199.909402	5.699345999999999
sample_36	HLA-DPA1	8546.102861	480.841377
sample_36	HLA-DPB1	4057.048831	218.07570199999998
sample_36	HLA-DQA1	7234.475501	712.34123
sample_36	HLA-DQB1	6216.056353	288.756258
sample_36	HLA-DRA	24204.291324	764.236539
sample_36	HLA-DRB1	7544.898013	222.167115
sample_36	HLA-DRB5	6053.265655	173.541981
sample_36	HLA-E	10206.872333	215.503238
sample_36	HLA-F	4614.083278	123.558223
sample_36	HLA-G	135.327633	3.386898
sample_37	HLA-A	45693.648162	781.7543959999999
sample_37	HLA-B	42520.03192	777.026791
sample_37	HLA-C	32064.721306	702.190613
sample_37	HLA-DMA	2349.035111	86.911556
sample_37	HLA-DMB	407.603515	9.691719
sample_37	HLA-DOA	446.006667	3.873857
sample_37	HLA-DOB	996.5437569999999	27.531308
sample_37	HLA-DPA1	10278.153629	380.868088
sample_37	HLA-DPB1	16538.24578	744.212945
sample_37	HLA-DQA1	18825.365041	1740.745742
sample_37	HLA-DQB1	9117.192705	171.093489
sample_37	HLA-DRA	76778.147611	2164.665715
sample_37	HLA-DRB1	25846.65411	669.007477
sample_37	HLA-DRB5	13656.188527	333.789053
sample_37	HLA-E	5510.037061	87.852438
sample_37	HLA-F	2863.9872379999997	65.292428
sample_37	HLA-G	259.76275599999997	5.608238
sample_38	HLA-A	44335.510346	862.3822230000001
sample_38	HLA-B	55501.953199999996	1159.437345
sample_38	HLA-C	33580.445689	736.249347
sample_38	HLA-DMA	926.013527	39.999619
sample_38	HLA-DMB	432.372158	11.318759
sample_38	HLA-DOA	350.005113	6.189816
sample_38	HLA-DOB	167.84858100000002	4.843024000000001
sample_38	HLA-DPA1	3829.055933	201.28222300000002
sample_38	HLA-DPB1	2175.031771	110.279345
sample_38	HLA-DQA1	7704.141444	717.326482
sample_38	HLA-DQB1	4258.829546	87.769121
sample_38	HLA-DRA	12599.184037	381.243296
sample_38	HLA-DRB1	19820.151661	573.504687
sample_38	HLA-DRB5	1850.819031	50.329004
sample_38	HLA-E	5416.395945	110.41458300000001
sample_38	HLA-F	2151.411154	56.997144000000006
sample_38	HLA-G	29.914995	0.694184
sample_39	HLA-A	30803.007069	653.9753509999999
sample_39	HLA-B	33977.380324	777.8073089999999
sample_39	HLA-C	29845.528643	820.553411
sample_39	HLA-DMA	2559.019378	112.04924199999999
sample_39	HLA-DMB	842.621671	23.581368
sample_39	HLA-DOA	255.001931	4.532359
sample_39	HLA-DOB	303.596472	10.093545
sample_39	HLA-DPA1	17560.132975	767.58909
sample_39	HLA-DPB1	7718.058446	454.46164400000004
sample_39	HLA-DQA1	11136.674497	1039.452819
sample_39	HLA-DQB1	6458.712073000001	142.659017
sample_39	HLA-DRA	41581.314879	1325.356321
sample_39	HLA-DRB1	20892.089537	667.285846
sample_39	HLA-DRB5	6147.568196	184.218751
sample_39	HLA-E	5926.091333	126.459663
sample_39	HLA-F	5273.422174	148.480592
sample_39	HLA-G	185.102178	5.00296
sample_40	HLA-A	22189.149894000002	459.837697
sample_40	HLA-B	50606.237585999996	1120.596071
sample_40	HLA-C	36520.758918	982.90221
sample_40	HLA-DMA	2803.011779	121.432496
sample_40	HLA-DMB	813.927235	22.539118
sample_40	HLA-DOA	223.000937	3.303126
sample_40	HLA-DOB	171.26813199999998	6.234133
sample_40	HLA-DPA1	7665.03221	425.752339
sample_40	HLA-DPB1	6308.0265070000005	340.591996
sample_40	HLA-DQA1	11280.439051000001	1065.81652
sample_40	HLA-DQB1	5606.444802999999	123.367942
sample_40	HLA-DRA	39497.165974	1255.955673
sample_40	HLA-DRB1	13121.951916000002	429.86777500000005
sample_40	HLA-DRB5	4512.156751	132.056792
sample_40	HLA-E	6250.9465390000005	130.179487
sample_40	HLA-F	2805.195884	80.276625
sample_40	HLA-G	107.62648300000001	3.458243
sample_41	HLA-A	20915.037349	483.013615
sample_41	HLA-B	44675.871526999996	1102.1810759999998
sample_41	HLA-C	34901.326894	1071.371384
sample_41	HLA-DMA	1485.002031	76.161569
sample_41	HLA-DMB	438.751464	13.585323
sample_41	HLA-DOA	464.000635	8.242517
sample_41	HLA-DOB	122.901018	4.005692
sample_41	HLA-DPA1	8445.011553	554.808344
sample_41	HLA-DPB1	6919.009464	436.143778
sample_41	HLA-DQA1	8286.649589	1030.400784
sample_41	HLA-DQB1	1937.96974	47.074926000000005
sample_41	HLA-DRA	43552.059576	1546.751357
sample_41	HLA-DRB1	25440.195401	897.012926
sample_41	HLA-DRB5	6902.106337	226.318854
sample_41	HLA-E	4860.338173	110.016137
sample_41	HLA-F	2417.180349	72.788707
sample_41	HLA-G	93.524289	2.893644
sample_42	HLA-A	39005.524766	847.224523
sample_42	HLA-B	46711.475815	1073.376
sample_42	HLA-C	28435.733785	687.6969459999999
sample_42	HLA-DMA	1253.002048	57.382284999999996
sample_42	HLA-DMB	438.667414	12.615383
sample_42	HLA-DOA	156.000255	1.630056
sample_42	HLA-DOB	175.716488	5.574369000000001
sample_42	HLA-DPA1	5572.009107	348.361495
sample_42	HLA-DPB1	4708.007695	265.339769
sample_42	HLA-DQA1	6219.423494	730.760251
sample_42	HLA-DQB1	1978.987094	45.370446
sample_42	HLA-DRA	26545.043383	881.202157
sample_42	HLA-DRB1	16075.687256000001	524.087172
sample_42	HLA-DRB5	4516.41347	137.223364
sample_42	HLA-E	9468.591906	221.334929
sample_42	HLA-F	1948.559532	56.50043
sample_42	HLA-G	10.001091	0.257295
sample_43	HLA-A	47148.20803	1049.2187430000001
sample_43	HLA-B	47181.908461	1111.4025139999999
sample_43	HLA-C	35655.593695	992.1247979999999
sample_43	HLA-DMA	1388.0002789999999	67.897267
sample_43	HLA-DMB	232.646671	7.446394
sample_43	HLA-DOA	130.000026	3.24655
sample_43	HLA-DOB	140.816349	4.409578000000001
sample_43	HLA-DPA1	4163.000833	269.84002499999997
sample_43	HLA-DPB1	3919.0007840000003	231.110959
sample_43	HLA-DQA1	5857.785758	300.589825
sample_43	HLA-DQB1	3630.8362979999997	85.952575
sample_43	HLA-DRA	17805.003564	619.115614
sample_43	HLA-DRB1	10983.014709	374.823181
sample_43	HLA-DRB5	4332.194803	136.210864
sample_43	HLA-E	12067.784117	274.874613
sample_43	HLA-F	2603.0492209999998	79.944436
sample_43	HLA-G	213.04990800000002	5.963031
sample_44	HLA-A	33457.843071	610.662759
sample_44	HLA-B	22984.924739	472.27893700000004
sample_44	HLA-C	20757.94106	491.678766
sample_44	HLA-DMA	1087.02132	42.613164
sample_44	HLA-DMB	266.412993	6.651667
sample_44	HLA-DOA	178.003491	2.549394
sample_44	HLA-DOB	182.61913900000002	6.4716949999999995
sample_44	HLA-DPA1	6091.119465	327.213722
sample_44	HLA-DPB1	4623.090672	215.610681
sample_44	HLA-DQA1	11644.200684	1136.6926839999999
sample_44	HLA-DQB1	4991.678172999999	99.184091
sample_44	HLA-DRA	36084.707727	1053.159317
sample_44	HLA-DRB1	12936.211273	411.310434
sample_44	HLA-DRB5	6916.4948	181.021465
sample_44	HLA-E	8526.165498	159.614247
sample_44	HLA-F	3607.769268	88.84235199999999
sample_44	HLA-G	120.578588	2.6749159999999996
sample_45	HLA-A	68963.922496	1470.56221
sample_45	HLA-B	68455.763947	1530.3538270000001
sample_45	HLA-C	46082.642586	1110.584774
sample_45	HLA-DMA	1529.588702	74.415739
sample_45	HLA-DMB	408.111186	11.735889
sample_45	HLA-DOA	649.00065	6.778642
sample_45	HLA-DOB	110.642661	4.338805
sample_45	HLA-DPA1	14999.015011	671.837989
sample_45	HLA-DPB1	11733.011138	676.896394
sample_45	HLA-DQA1	20855.964956	2133.935112
sample_45	HLA-DQB1	15080.942345	347.91153399999996
sample_45	HLA-DRA	48173.048213	1610.27533
sample_45	HLA-DRB1	24504.031413999997	910.167979
sample_45	HLA-DRB5	6638.672094	200.303066
sample_45	HLA-E	20960.099537000002	466.346906
sample_45	HLA-F	7406.527064999999	209.233144
sample_45	HLA-G	119.653469	3.310931
sample_46	HLA-A	105715.02557200001	2154.877613
sample_46	HLA-B	99032.65317800001	2162.1687850000003
sample_46	HLA-C	92097.779536	2336.296955
sample_46	HLA-DMA	2065.001171	93.452836
sample_46	HLA-DMB	1556.200283	43.241045
sample_46	HLA-DOA	545.00031	7.1833279999999995
sample_46	HLA-DOB	261.763	8.665683
sample_46	HLA-DPA1	12128.006879	686.634528
sample_46	HLA-DPB1	14860.008431	807.219449
sample_46	HLA-DQA1	22009.413037	2094.8256269999997
sample_46	HLA-DQB1	13294.197984	294.337519
sample_46	HLA-DRA	24193.013725	786.635601
sample_46	HLA-DRB1	50884.311698	1586.010034
sample_46	HLA-DRB5	15373.538776	453.139158
sample_46	HLA-E	28565.701469	574.090831
sample_46	HLA-F	6614.889249	182.19935900000002
sample_46	HLA-G	553.335012	14.363244000000002
sample_47	HLA-A	29479.356420999997	674.4383170000001
sample_47	HLA-B	30721.916081	751.429192
sample_47	HLA-C	14640.208398	410.259938
sample_47	HLA-DMA	1417.039551	71.122719
sample_47	HLA-DMB	480.36649	14.683988
sample_47	HLA-DOA	186.005191	3.892689
sample_47	HLA-DOB	52.219203	1.644651
sample_47	HLA-DPA1	6770.188962	442.60449400000005
sample_47	HLA-DPB1	6003.167148	373.251973
sample_47	HLA-DQA1	7800.240659	843.118927
sample_47	HLA-DQB1	5059.789552	122.77770699999999
sample_47	HLA-DRA	14104.393666	496.625903
sample_47	HLA-DRB1	15155.563712	508.35376599999995
sample_47	HLA-DRB5	7098.426054	228.935491
sample_47	HLA-E	8217.202406	191.803137
sample_47	HLA-F	4095.455434	122.908589
sample_47	HLA-G	112.33631299999999	3.2111650000000003
sample_48	HLA-A	49877.485409	1055.244002
sample_48	HLA-B	45332.90348	1012.403943
sample_48	HLA-C	30964.518580999997	874.7718120000001
sample_48	HLA-DMA	2853.0036170000003	129.290024
sample_48	HLA-DMB	295.626661	8.325135
sample_48	HLA-DOA	275.00034900000003	2.794895
sample_48	HLA-DOB	65.378987	1.877378
sample_48	HLA-DPA1	4753.006025	286.47031400000003
sample_48	HLA-DPB1	4937.006257	276.204331
sample_48	HLA-DQA1	6326.861583	313.737093
sample_48	HLA-DQB1	3491.1684400000004	77.398708
sample_48	HLA-DRA	22226.028173	722.897734
sample_48	HLA-DRB1	11532.166594	360.874183
sample_48	HLA-DRB5	3337.698555	98.686004
sample_48	HLA-E	5735.709981	125.079726
sample_48	HLA-F	2030.0400710000001	58.59728
sample_48	HLA-G	26.902466	0.778694
sample_49	HLA-A	41227.042045	851.772155
sample_49	HLA-B	51456.640297000005	1128.692284
sample_49	HLA-C	27615.862011	685.456257
sample_49	HLA-DMA	3051.059635	132.938954
sample_49	HLA-DMB	745.326697	20.72386
sample_49	HLA-DOA	281.005492	3.205565
sample_49	HLA-DOB	203.22635400000001	7.549887999999999
sample_49	HLA-DPA1	10514.205506	437.535791
sample_49	HLA-DPB1	7074.138266999999	389.874048
sample_49	HLA-DQA1	10272.941188	1059.929044
sample_49	HLA-DQB1	8849.296394	196.01123199999998
sample_49	HLA-DRA	28120.549631	900.813664
sample_49	HLA-DRB1	12516.406207	407.51050399999997
sample_49	HLA-DRB5	8470.989888	249.272774
sample_49	HLA-E	13488.919020000001	270.758819
sample_49	HLA-F	5326.244974	144.60968699999998
sample_49	HLA-G	175.360037	4.591322
sample_50	HLA-A	31833.474934	628.267087
sample_50	HLA-B	40654.083983	849.776732
sample_50	HLA-C	31183.278432000003	729.507746
sample_50	HLA-DMA	1556.014898	68.559113
sample_50	HLA-DMB	468.748339	12.634602
sample_50	HLA-DOA	248.002374	3.6698129999999995
sample_50	HLA-DOB	137.371733	4.135141
sample_50	HLA-DPA1	8161.078135	337.982619
sample_50	HLA-DPB1	5459.05226	275.016437
sample_50	HLA-DQA1	7646.358114	372.52905300000003
sample_50	HLA-DQB1	4693.575624	99.64069599999999
sample_50	HLA-DRA	24966.239031	781.900017
sample_50	HLA-DRB1	11530.113881	348.25136399999997
sample_50	HLA-DRB5	2224.586761	62.165564
sample_50	HLA-E	5061.261479	99.18651700000001
sample_50	HLA-F	2189.805887	59.753752
sample_50	HLA-G	119.571753	2.95959
