subject	locus	ase
ERR188021	A	0.4790463070550943
ERR188021	B	0.4900971509615331
ERR188021	C	0.3488435119656693
ERR188021	DPA1	0.4338025752360698
ERR188021	DPB1	0.4321965049874368
ERR188021	DQA1	0.4106581303605726
ERR188021	DRA	0.471843182379296
ERR188021	DRB1	0.48932622956695715
ERR188022	DPA1	0.39257324408052297
ERR188022	DPB1	0.4685191620136024
ERR188022	DQA1	0.39282635173710156
ERR188022	DQB1	0.45113624692484994
ERR188022	DRB1	0.46162494805831195
ERR188023	A	0.36455807257246303
ERR188023	B	0.4283158975724375
ERR188023	C	0.4426391233248008
ERR188023	DQA1	0.41738797713668224
ERR188023	DQB1	0.45500358865594887
ERR188023	DRB1	0.44948941276331356
ERR188024	A	0.4565683412461616
ERR188024	B	0.484295234624062
ERR188024	C	0.3745416135018596
ERR188024	DPA1	0.43795883000396796
ERR188024	DPB1	0.4687540120987867
ERR188024	DQA1	0.43779443393172274
ERR188024	DQB1	0.37998685553913625
ERR188024	DRB1	0.4857740929727224
ERR188026	A	0.44337251392981136
ERR188026	B	0.4469492931514827
ERR188026	C	0.4922555517088727
ERR188026	DPB1	0.4415901949862152
ERR188026	DQA1	0.4535380397397776
ERR188026	DQB1	0.4645430219373172
ERR188026	DRB1	0.3803806092569146
ERR188027	A	0.4225327159412495
ERR188027	B	0.49752191772596455
ERR188027	C	0.43277868870440295
ERR188027	DQA1	0.4637675678257275
ERR188027	DQB1	0.48362081831310383
ERR188027	DRA	0.4909868117300063
ERR188027	DRB1	0.3895304951353063
ERR188028	A	0.44932501280983905
ERR188028	B	0.46246124220112705
ERR188028	C	0.4432995891088785
ERR188028	DPA1	0.3660431896576027
ERR188028	DPB1	0.4801677222724096
ERR188028	DQB1	0.4673568630259866
ERR188028	DRA	0.47865873053493596
ERR188029	A	0.4980860127212866
ERR188029	B	0.470422204026827
ERR188029	C	0.4212512373497344
ERR188029	DPB1	0.4342350359909865
ERR188029	DQA1	0.4069746898539281
ERR188029	DQB1	0.40174392008543913
ERR188029	DRA	0.4848830477326021
ERR188029	DRB1	0.34468731825443527
ERR188031	C	0.3610484728542068
ERR188031	DPB1	0.43579375685539906
ERR188031	DQA1	0.2930082349405318
ERR188031	DQB1	0.38814881761164144
ERR188031	DRB1	0.3846275318294718
ERR188032	A	0.49775826779524607
ERR188032	B	0.45726972419572826
ERR188032	C	0.49583977337600965
ERR188032	DPB1	0.4563895444163456
ERR188032	DQA1	0.4630179651698806
ERR188032	DQB1	0.462938922824487
ERR188032	DRA	0.4776799996922756
ERR188032	DRB1	0.3484789048821865
ERR188033	A	0.4563151135969969
ERR188033	B	0.4880679198628794
ERR188033	C	0.4020396464345809
ERR188033	DPB1	0.47367028573075953
ERR188033	DQA1	0.49799566963393915
ERR188033	DQB1	0.484844711845763
ERR188033	DRA	0.49710144800744205
ERR188033	DRB1	0.4175339293759275
ERR188034	A	0.42475380165695015
ERR188034	B	0.4867306337519791
ERR188034	C	0.40062085449550755
ERR188034	DPB1	0.48648721406162476
ERR188034	DQA1	0.3886779168090742
ERR188034	DQB1	0.47054257749625394
ERR188034	DRB1	0.3539062398883313
ERR188035	A	0.4773618194669527
ERR188035	B	0.47633833769809286
ERR188035	C	0.44290143125252834
ERR188035	DPA1	0.4576843751504566
ERR188035	DPB1	0.419474388108966
ERR188035	DQB1	0.4197577513736936
ERR188035	DRA	0.4929990185159309
ERR188036	A	0.4830357323512484
ERR188036	B	0.4841923691235402
ERR188036	DPB1	0.4324537903981305
ERR188036	DQA1	0.34332342195717147
ERR188036	DQB1	0.4515382159255949
ERR188036	DRA	0.48713943552109434
ERR188036	DRB1	0.3777722738887842
ERR188038	A	0.47095083888106215
ERR188038	B	0.4909681770787959
ERR188038	C	0.38697927011307176
ERR188038	DPB1	0.4798416669476417
ERR188038	DQA1	0.45049803481123735
ERR188038	DQB1	0.299815440000919
ERR188038	DRA	0.48066460601601346
ERR188038	DRB1	0.3788041796077518
ERR188039	A	0.4262707813626228
ERR188039	B	0.4342601887203944
ERR188039	C	0.33115446207656435
ERR188039	DPB1	0.41605133015716683
ERR188039	DQA1	0.33861149295449744
ERR188039	DQB1	0.45939295020646553
ERR188039	DRB1	0.4157487338153938
ERR188040	A	0.49085587948179427
ERR188040	B	0.4309395437112796
ERR188040	C	0.441921134994411
ERR188040	DPA1	0.4881934325662023
ERR188040	DPB1	0.35473795903407085
ERR188040	DQA1	0.451909375795998
ERR188040	DQB1	0.4245272664366207
ERR188040	DRA	0.46565274017356934
ERR188040	DRB1	0.4055176966107267
ERR188041	A	0.47049620619336363
ERR188041	B	0.4465514455080597
ERR188041	C	0.4083854387111637
ERR188041	DPB1	0.352370681592704
ERR188041	DQA1	0.31614816419026587
ERR188041	DQB1	0.4229033477037655
ERR188041	DRA	0.4999633943651633
ERR188041	DRB1	0.33826301504498
ERR188043	A	0.43469426712976417
ERR188043	B	0.46909628705713186
ERR188043	C	0.3186634042362344
ERR188043	DPB1	0.4154158920949923
ERR188043	DQA1	0.4092085256145351
ERR188043	DQB1	0.4452975338290791
ERR188043	DRA	0.490682045543051
ERR188043	DRB1	0.39422071101266576
ERR188045	B	0.49147673377957607
ERR188045	C	0.39317487982579613
ERR188045	DQA1	0.4565153320905752
ERR188045	DQB1	0.3967954368937983
ERR188045	DRA	0.4980694856004842
ERR188045	DRB1	0.3377302210582486
ERR188046	A	0.4504379815354765
ERR188046	B	0.48081101167045387
ERR188047	A	0.45233718659572303
ERR188047	B	0.4942126910178778
ERR188047	C	0.4670703891219905
ERR188047	DQA1	0.3676998248700241
ERR188047	DQB1	0.44646705344255255
ERR188047	DRB1	0.4123482425050269
ERR188048	A	0.44082253517546127
ERR188048	B	0.4866476965375435
ERR188048	C	0.4047489311330876
ERR188048	DPB1	0.38342869556934017
ERR188048	DQA1	0.3338469263283203
ERR188048	DQB1	0.47281215209233707
ERR188048	DRB1	0.45138067277797794
ERR188049	A	0.4480438051193382
ERR188049	B	0.45328422920973055
ERR188049	C	0.4234480536353508
ERR188049	DQA1	0.46193171980218956
ERR188049	DQB1	0.349705622663011
ERR188049	DRA	0.45902491910933946
ERR188049	DRB1	0.30763520565209423
ERR188050	B	0.4727747498115938
ERR188050	C	0.3556647990772565
ERR188050	DPB1	0.4704729804497368
ERR188050	DQA1	0.3677191751846041
ERR188050	DQB1	0.4233109895384501
ERR188050	DRA	0.4998905153908967
ERR188050	DRB1	0.3904694197970909
ERR188051	A	0.43432991864424525
ERR188051	B	0.4773652285515685
ERR188051	C	0.4826440768176119
ERR188051	DPB1	0.48898051036298606
ERR188051	DQA1	0.4022084856456072
ERR188051	DQB1	0.4119701297563626
ERR188051	DRA	0.4991636370148619
ERR188051	DRB1	0.43401092144953185
ERR188052	A	0.40539327078291254
ERR188052	B	0.4883803623869923
ERR188052	C	0.37087134762826146
ERR188052	DPA1	0.457507303703862
ERR188052	DPB1	0.4725463200342364
ERR188052	DQA1	0.36864225945033047
ERR188052	DQB1	0.3233035471831331
ERR188052	DRA	0.4744458057631206
ERR188052	DRB1	0.23823835355734796
ERR188053	A	0.496514599270792
ERR188053	DQA1	0.4255012966219875
ERR188053	DQB1	0.39527260340366716
ERR188053	DRA	0.45198875284698226
ERR188053	DRB1	0.4664702035713975
ERR188054	A	0.47452590111440324
ERR188054	B	0.41145356078848705
ERR188054	C	0.4697620602839046
ERR188054	DPB1	0.4076730868216541
ERR188054	DQA1	0.39548288158687683
ERR188054	DQB1	0.47025917023035413
ERR188054	DRB1	0.47796931632722295
ERR188056	B	0.45843708903785196
ERR188056	C	0.3694409382094131
ERR188056	DQA1	0.28911634280165194
ERR188056	DQB1	0.3307154912567307
ERR188056	DRB1	0.4572391051257867
ERR188057	B	0.49457623993361954
ERR188057	C	0.38686124622059087
ERR188057	DPA1	0.44466813293016394
ERR188057	DPB1	0.3948147559207333
ERR188057	DQA1	0.49119926982878626
ERR188057	DQB1	0.4118416542061294
ERR188057	DRB1	0.48279327409426664
ERR188058	A	0.44481940300753764
ERR188058	B	0.4814499548224786
ERR188058	C	0.4222457559211467
ERR188058	DPA1	0.37865819714232674
ERR188058	DPB1	0.38192695175058566
ERR188059	A	0.44408671489979645
ERR188059	B	0.4985212762099281
ERR188059	C	0.470036710032976
ERR188059	DQA1	0.39585188913669084
ERR188059	DRA	0.47912087665314185
ERR188059	DRB1	0.4774289090412866
ERR188061	A	0.45387797404252733
ERR188061	B	0.4353463613204524
ERR188061	C	0.49839533016691523
ERR188061	DQA1	0.44137408025216457
ERR188061	DQB1	0.3145365844857737
ERR188061	DRA	0.48288331058840783
ERR188061	DRB1	0.2922598636797196
ERR188062	A	0.33468702468821854
ERR188062	B	0.49731131620176205
ERR188062	C	0.39189386110033886
ERR188062	DPB1	0.3690072212405577
ERR188062	DQA1	0.3964607383737157
ERR188062	DQB1	0.42601660200942487
ERR188062	DRB1	0.39313836699640964
ERR188063	A	0.4002499167426412
ERR188063	B	0.4606032224879234
ERR188063	C	0.4511151750373481
ERR188063	DPA1	0.4760194543594523
ERR188063	DPB1	0.4051670415800356
ERR188063	DQA1	0.4952730729870546
ERR188063	DQB1	0.45028599741127373
ERR188063	DRA	0.4707621686329332
ERR188063	DRB1	0.44116238727725154
ERR188065	B	0.43505279109591316
ERR188065	C	0.4260372201796261
ERR188065	DPA1	0.4601029634362049
ERR188065	DPB1	0.400858062254989
ERR188065	DQA1	0.4178222742698181
ERR188065	DQB1	0.4137656976407292
ERR188065	DRB1	0.44047747118192865
ERR188067	A	0.49720791265259945
ERR188067	B	0.43942855887430915
ERR188067	C	0.49892761151585474
ERR188067	DQA1	0.44400990362411835
ERR188067	DQB1	0.3121644440290706
ERR188067	DRA	0.4725670258501567
ERR188067	DRB1	0.33951417871292006
ERR188068	A	0.43759810969486584
ERR188068	B	0.46927499813850787
ERR188068	C	0.4633862042682703
ERR188068	DQA1	0.4814008957152295
ERR188068	DQB1	0.42367540558420813
ERR188068	DRA	0.4788289083087076
ERR188068	DRB1	0.34646295982719255
ERR188070	A	0.4874784018579896
ERR188070	B	0.47079188866085686
ERR188070	C	0.3506014204830497
ERR188070	DPA1	0.3536629828000431
ERR188070	DQA1	0.3898934486955869
ERR188070	DQB1	0.4777121666158996
ERR188070	DRA	0.4830368590075631
ERR188070	DRB1	0.2888617029311558
ERR188071	A	0.46065117731696476
ERR188071	B	0.43989368722754
ERR188071	C	0.48200255439899947
ERR188071	DPB1	0.4444247166632188
ERR188071	DQA1	0.4250111939867357
ERR188071	DQB1	0.3086628061711383
ERR188071	DRA	0.4899545709830714
ERR188071	DRB1	0.3096764985641811
ERR188073	A	0.4256346535830897
ERR188073	B	0.4873087801125214
ERR188073	C	0.48969148563494547
ERR188073	DPA1	0.3235096865575687
ERR188073	DPB1	0.4408855470722789
ERR188073	DQB1	0.45734069436566666
ERR188073	DRA	0.4735616489426056
ERR188073	DRB1	0.4029644113997333
ERR188075	A	0.40988573852001847
ERR188075	B	0.4955424383337616
ERR188075	C	0.4793625425717916
ERR188075	DPB1	0.49707086349633917
ERR188075	DQA1	0.4109945230951675
ERR188075	DQB1	0.3672903161603248
ERR188075	DRA	0.4899179254487945
ERR188075	DRB1	0.3706605483900738
ERR188076	A	0.40698207132283176
ERR188076	B	0.48909178202324743
ERR188076	C	0.4089197237870875
ERR188076	DPB1	0.3841754019115167
ERR188076	DQA1	0.3317017549242657
ERR188076	DQB1	0.39437585199070724
ERR188076	DRA	0.47041966813075836
ERR188076	DRB1	0.3699003776895737
ERR188077	B	0.42829458980443885
ERR188077	C	0.476357643803015
ERR188077	DQA1	0.4730220149111443
ERR188077	DQB1	0.4161149300349348
ERR188078	B	0.47070517280089086
ERR188078	C	0.4471665270204522
ERR188078	DPB1	0.3914403110944823
ERR188078	DQA1	0.4755385584293807
ERR188078	DQB1	0.4665610117843317
ERR188078	DRB1	0.42291435020010215
ERR188079	A	0.47801660005476226
ERR188079	B	0.4678456392090656
ERR188079	C	0.46381451563707005
ERR188079	DPB1	0.48115588331758186
ERR188079	DQA1	0.46808501002661435
ERR188079	DQB1	0.4714333555131953
ERR188079	DRA	0.49281549570431116
ERR188079	DRB1	0.39786021959470014
ERR188080	A	0.4494710153385558
ERR188080	B	0.40385484118057796
ERR188080	C	0.4333147416300603
ERR188080	DPB1	0.4459121503004545
ERR188080	DQA1	0.48516107037485856
ERR188080	DQB1	0.38572319119188964
ERR188080	DRB1	0.47555106188545826
ERR188081	A	0.45456984051486005
ERR188081	DQA1	0.48163678810176636
ERR188081	DQB1	0.48043860705597524
ERR188081	DRA	0.4982755368834395
ERR188081	DRB1	0.42416477423484694
ERR188082	A	0.3904270478475291
ERR188082	B	0.4351385944374037
ERR188082	C	0.432125315864282
ERR188082	DPA1	0.4384274816290901
ERR188082	DPB1	0.4371756558840576
ERR188082	DQA1	0.3731639266629678
ERR188082	DQB1	0.4860551084720048
ERR188082	DRB1	0.4579827585922992
ERR188083	A	0.45874140004936786
ERR188083	B	0.46463636037699413
ERR188083	DRB1	0.48415930272592983
ERR188086	A	0.4607740800017438
ERR188086	B	0.4249382639459991
ERR188086	C	0.37468852403229036
ERR188086	DPA1	0.48863596506410634
ERR188086	DPB1	0.47184621500367663
ERR188086	DQA1	0.46195881723400606
ERR188086	DQB1	0.4585785308300749
ERR188086	DRA	0.4897291786817265
ERR188086	DRB1	0.42471958445555086
ERR188087	A	0.49014816955149443
ERR188087	B	0.4630726637011624
ERR188087	C	0.4902225012977681
ERR188087	DPB1	0.4284991226988967
ERR188087	DQA1	0.2546648765535685
ERR188087	DQB1	0.4610972301287639
ERR188087	DRA	0.49417516740343875
ERR188087	DRB1	0.3586513698546269
ERR188088	A	0.4812110184105392
ERR188088	B	0.40136574073981285
ERR188088	C	0.39302162688488146
ERR188088	DPB1	0.4777915562378378
ERR188088	DQA1	0.23691281311611662
ERR188088	DQB1	0.4108819318536564
ERR188088	DRB1	0.4797981195761222
ERR188089	A	0.4453501797927169
ERR188089	B	0.490405259353904
ERR188089	C	0.4574776138202518
ERR188089	DPB1	0.4069043397688686
ERR188089	DQA1	0.33415979774974597
ERR188089	DQB1	0.49553150332083945
ERR188089	DRA	0.49659359834409067
ERR188089	DRB1	0.32045678909479725
ERR188090	A	0.4372886539519638
ERR188090	B	0.41879559092395396
ERR188090	C	0.4948123449709227
ERR188090	DPB1	0.3472531761896232
ERR188090	DQA1	0.4276335440496148
ERR188090	DQB1	0.48213799086512793
ERR188090	DRA	0.46296084338169274
ERR188090	DRB1	0.4374934992619518
ERR188091	A	0.4361727398351493
ERR188091	B	0.40607568144621486
ERR188091	C	0.43321527592386444
ERR188091	DQA1	0.44308881351152607
ERR188091	DQB1	0.44264980877010346
ERR188091	DRB1	0.4863634322599057
ERR188092	A	0.48301270813941566
ERR188092	B	0.42576915515249564
ERR188092	C	0.4316855025828699
ERR188092	DQA1	0.40555886778914635
ERR188092	DQB1	0.42371915265326743
ERR188092	DRA	0.4955334886331362
ERR188092	DRB1	0.43694495341047745
ERR188094	A	0.47910429983654224
ERR188094	B	0.41819128187673615
ERR188094	C	0.43508572210411567
ERR188095	A	0.44057492662058745
ERR188095	B	0.4790539123155049
ERR188095	C	0.48699800832254586
ERR188095	DPA1	0.4349900639887266
ERR188095	DPB1	0.47988435396459644
ERR188095	DQA1	0.4966876414332367
ERR188095	DQB1	0.3333263521803304
ERR188095	DRB1	0.41124537550656004
ERR188098	DPB1	0.42329636091447603
ERR188098	DQA1	0.49674571215305724
ERR188098	DQB1	0.4554442622131475
ERR188098	DRA	0.4879339035200061
ERR188098	DRB1	0.46463970869431986
ERR188099	DQA1	0.428486264836611
ERR188099	DQB1	0.3299086532066688
ERR188099	DRA	0.48372735721246723
ERR188099	DRB1	0.3068540791919547
ERR188100	B	0.455896166452337
ERR188100	C	0.44869223851882406
ERR188100	DPA1	0.42769827984411296
ERR188100	DPB1	0.47748940117832167
ERR188100	DQA1	0.3995206379258486
ERR188100	DQB1	0.46995944648432947
ERR188100	DRA	0.45352195046916727
ERR188100	DRB1	0.44042840405338624
ERR188101	A	0.4682270957640891
ERR188101	B	0.4912293942502358
ERR188101	C	0.46649726730343316
ERR188101	DPA1	0.455751800614471
ERR188101	DPB1	0.40585823448548325
ERR188102	A	0.44699867612483596
ERR188102	B	0.4895364576887211
ERR188102	C	0.47957902441643013
ERR188102	DPB1	0.38656431264062063
ERR188102	DQA1	0.4787716611254132
ERR188102	DQB1	0.4294962961378463
ERR188102	DRA	0.4661257306731471
ERR188102	DRB1	0.4975980023649939
ERR188105	A	0.4331929131303556
ERR188105	B	0.49989766016392334
ERR188105	C	0.40340353535404194
ERR188105	DQA1	0.4428236812260213
ERR188105	DQB1	0.397982488482838
ERR188105	DRB1	0.37075771910246275
ERR188107	DPA1	0.41927230774532936
ERR188107	DPB1	0.46266358213348996
ERR188107	DQA1	0.3820514438125556
ERR188107	DQB1	0.3754480365438582
ERR188107	DRA	0.49480344532535453
ERR188107	DRB1	0.43368651534502844
ERR188108	A	0.44091185091922314
ERR188108	B	0.4936076556328493
ERR188108	C	0.3826646769398724
ERR188108	DPA1	0.47258662720549494
ERR188108	DPB1	0.4425489339108257
ERR188108	DQA1	0.4293489285722271
ERR188108	DQB1	0.4432948227612143
ERR188108	DRA	0.49050741570755724
ERR188108	DRB1	0.4123179280034362
ERR188110	A	0.4713491693776548
ERR188110	B	0.3760702907043678
ERR188110	C	0.38183931410108657
ERR188110	DPA1	0.4772912375516532
ERR188110	DPB1	0.4035068123006782
ERR188110	DQA1	0.4154159391550532
ERR188110	DQB1	0.4171776406004563
ERR188110	DRA	0.48425736063373975
ERR188110	DRB1	0.45191732335872575
ERR188111	A	0.44670291607948
ERR188111	B	0.47725589996227546
ERR188111	C	0.4557182204385947
ERR188111	DPB1	0.4197539661522725
ERR188111	DQA1	0.4686042685225983
ERR188111	DQB1	0.4798381783739772
ERR188111	DRA	0.4906084595805528
ERR188111	DRB1	0.4016575074628786
ERR188112	A	0.4651537356870778
ERR188112	B	0.49629572215385154
ERR188112	C	0.4565219065741097
ERR188112	DPA1	0.4360349215072015
ERR188112	DPB1	0.4064988096600245
ERR188112	DRA	0.49540030147763053
ERR188112	DRB1	0.4720967999451102
ERR188113	A	0.4406318916451751
ERR188113	B	0.48262668133579906
ERR188113	C	0.35797718411660195
ERR188113	DPB1	0.4193582016940609
ERR188113	DQA1	0.28956824517334495
ERR188113	DQB1	0.4211295042412218
ERR188113	DRB1	0.4597621711791294
ERR188114	A	0.42296115227967757
ERR188114	B	0.4462885411715151
ERR188114	C	0.4445763409472839
ERR188114	DPB1	0.43793690809056435
ERR188114	DQA1	0.41866877099253275
ERR188114	DQB1	0.47523943764243154
ERR188114	DRA	0.44769434566712074
ERR188114	DRB1	0.40891535188387074
ERR188115	A	0.4946044842176307
ERR188115	B	0.4631431147953359
ERR188115	C	0.49204791373048035
ERR188116	A	0.48204082520051106
ERR188116	B	0.4380258613778003
ERR188116	C	0.4126162327175686
ERR188116	DPB1	0.4563042193666799
ERR188116	DQA1	0.4632973888454788
ERR188116	DQB1	0.32580721075773283
ERR188116	DRB1	0.38559148794479475
ERR188117	A	0.47343529571788046
ERR188117	B	0.44962178979414186
ERR188117	C	0.49546972377600706
ERR188118	A	0.4742573569259906
ERR188118	B	0.4972105352389548
ERR188118	C	0.33610183541640853
ERR188118	DPB1	0.4629991097301728
ERR188118	DQA1	0.35065923596007925
ERR188118	DQB1	0.43006876228887175
ERR188118	DRA	0.42451715248527133
ERR188118	DRB1	0.28225479469588405
ERR188119	A	0.4934273375245065
ERR188119	B	0.49787848895296166
ERR188119	C	0.40034278146748287
ERR188119	DPB1	0.38005213056203163
ERR188119	DQA1	0.40293582035015674
ERR188119	DQB1	0.30474112743796306
ERR188119	DRA	0.49707017162457073
ERR188119	DRB1	0.375501272785815
ERR188121	A	0.4390857232468429
ERR188121	B	0.4593807641754892
ERR188121	C	0.47844257201693596
ERR188121	DPB1	0.4753943217219423
ERR188122	A	0.47538677773818877
ERR188122	B	0.435857750814543
ERR188122	C	0.42710743579544624
ERR188122	DPA1	0.46020707994920884
ERR188122	DPB1	0.38562593954323776
ERR188122	DQA1	0.4561478078701471
ERR188122	DQB1	0.3817742397574616
ERR188122	DRA	0.4704419046989509
ERR188122	DRB1	0.31934013802763583
ERR188123	B	0.4990399696075427
ERR188123	C	0.4332703221628285
ERR188123	DPB1	0.45197945645320825
ERR188123	DQA1	0.3555847416297797
ERR188123	DQB1	0.3830695867503401
ERR188123	DRB1	0.40664647490176603
ERR188124	A	0.4487225577618231
ERR188124	B	0.49400898626346784
ERR188124	C	0.49672449228530957
ERR188124	DPA1	0.42038519468165664
ERR188124	DPB1	0.4063944777890626
ERR188124	DQA1	0.47634001463769804
ERR188124	DQB1	0.4876652787035007
ERR188124	DRA	0.49669396826361945
ERR188124	DRB1	0.35316914825065954
ERR188125	A	0.46021543069312443
ERR188125	B	0.4172652958318929
ERR188125	C	0.43378741963020323
ERR188125	DPA1	0.45562530230879245
ERR188125	DPB1	0.4248592978002645
ERR188125	DQA1	0.4325983773974343
ERR188125	DQB1	0.43279291022226857
ERR188125	DRA	0.4865525930277472
ERR188125	DRB1	0.49380744250524655
ERR188126	A	0.4909966614270046
ERR188126	B	0.4435937578285161
ERR188126	C	0.37193810326613685
ERR188126	DQA1	0.44348968778701175
ERR188126	DQB1	0.37593146284594975
ERR188126	DRA	0.4821594283560615
ERR188126	DRB1	0.4951451928456171
ERR188127	A	0.4314419397966071
ERR188127	B	0.4627649028964295
ERR188127	C	0.3752853617866713
ERR188127	DPB1	0.4458742780957602
ERR188127	DQA1	0.45065267108377827
ERR188127	DQB1	0.44329851873930876
ERR188127	DRA	0.4485583017726114
ERR188127	DRB1	0.4658310979990189
ERR188130	A	0.4758450039323756
ERR188130	B	0.41312601131619964
ERR188130	C	0.40899846851096255
ERR188130	DPA1	0.4977596165259339
ERR188130	DPB1	0.4835500003719513
ERR188130	DQA1	0.39961353440461284
ERR188130	DQB1	0.2950388501840297
ERR188130	DRA	0.4940659218790017
ERR188130	DRB1	0.4013137262427428
ERR188132	A	0.4677959857092507
ERR188132	B	0.4477406786745306
ERR188132	C	0.489325013053102
ERR188132	DPB1	0.3925850942383761
ERR188132	DQA1	0.36062523533332985
ERR188132	DQB1	0.4413915910619115
ERR188132	DRB1	0.3457479829822501
ERR188134	A	0.4020079823823865
ERR188134	B	0.48696446284160744
ERR188134	C	0.44557344016532846
ERR188134	DQA1	0.4630921019241919
ERR188134	DRB1	0.403045085032166
ERR188136	A	0.45301224038388543
ERR188136	B	0.4691456718850463
ERR188136	C	0.34995308680163084
ERR188136	DPA1	0.47275644811546874
ERR188136	DPB1	0.4821062053099435
ERR188136	DQA1	0.41949026015530994
ERR188136	DQB1	0.4471657793078554
ERR188136	DRA	0.49505358888740475
ERR188136	DRB1	0.472506368878296
ERR188137	A	0.3921080519805471
ERR188137	B	0.48082783678950547
ERR188137	C	0.3918334764078878
ERR188137	DPB1	0.4865558922981239
ERR188137	DQA1	0.49938253695177787
ERR188137	DQB1	0.335513358863546
ERR188137	DRA	0.49362228434543703
ERR188137	DRB1	0.4276243519247402
ERR188138	A	0.4842141836627805
ERR188138	B	0.47223820853356385
ERR188138	C	0.4850364787823917
ERR188138	DPA1	0.4563701392975476
ERR188138	DPB1	0.46070761101185925
ERR188138	DQB1	0.45598310439583073
ERR188138	DRA	0.46343283577534766
ERR188138	DRB1	0.38837984755879124
ERR188140	B	0.4725279506210918
ERR188140	C	0.4696662774110734
ERR188140	DPB1	0.365349745031604
ERR188140	DQA1	0.4652430221379595
ERR188140	DQB1	0.4301765961636558
ERR188140	DRB1	0.4365273453565189
ERR188141	A	0.48118611966660285
ERR188141	B	0.491208261996452
ERR188141	C	0.3676977871967153
ERR188141	DPB1	0.39212875151538257
ERR188141	DQA1	0.4308801092187998
ERR188141	DQB1	0.4119296895905969
ERR188141	DRA	0.47404778766710043
ERR188141	DRB1	0.36622179627195217
ERR188142	A	0.41744431941151794
ERR188142	B	0.48402473607121144
ERR188142	C	0.46323498298099797
ERR188142	DPB1	0.3749984813853827
ERR188142	DRB1	0.4669613352836067
ERR188144	A	0.4156682398908134
ERR188144	DPA1	0.3884207354053057
ERR188144	DPB1	0.3738118333639303
ERR188145	A	0.468787433853616
ERR188145	B	0.446320679643649
ERR188145	C	0.45316353216015476
ERR188145	DPB1	0.3685213161171359
ERR188145	DQA1	0.48011390783947333
ERR188145	DQB1	0.3919966138947214
ERR188145	DRB1	0.37972178286952635
ERR188146	A	0.4554033444199614
ERR188146	B	0.4711143054897535
ERR188146	C	0.48427701292854425
ERR188146	DRB1	0.4908143696965275
ERR188147	B	0.4678836560043473
ERR188147	C	0.45246927560981876
ERR188147	DPB1	0.4566724921999999
ERR188147	DQA1	0.44587777892574676
ERR188147	DQB1	0.4072038512131079
ERR188147	DRA	0.4870432144448682
ERR188147	DRB1	0.42499943805572155
ERR188148	A	0.41511712622772906
ERR188148	B	0.45235641250147035
ERR188148	C	0.38658866506865397
ERR188148	DPB1	0.3602539614193244
ERR188148	DQA1	0.43684670054013014
ERR188148	DQB1	0.3497823008802288
ERR188148	DRA	0.49848101443428217
ERR188148	DRB1	0.4675205193870424
ERR188149	A	0.4497158888836578
ERR188149	B	0.4941470527229708
ERR188149	C	0.36548693224162504
ERR188149	DPB1	0.4696702069188002
ERR188149	DQA1	0.4106664441565035
ERR188149	DQB1	0.3021287319801571
ERR188149	DRB1	0.3798272514083326
ERR188150	A	0.473389357505162
ERR188150	B	0.4742904122383711
ERR188150	C	0.4769199809235491
ERR188150	DQA1	0.4833965862695967
ERR188150	DQB1	0.44906184372090385
ERR188150	DRB1	0.46699690974021435
ERR188152	A	0.4045681014280956
ERR188152	B	0.4470845909946262
ERR188152	C	0.47863358825463814
ERR188152	DPB1	0.20654945238558045
ERR188152	DQA1	0.4038517831043404
ERR188152	DQB1	0.3177140800853314
ERR188152	DRA	0.4906206772855874
ERR188152	DRB1	0.44350642194224243
ERR188153	A	0.4521803127923205
ERR188153	B	0.4952028864627114
ERR188153	C	0.4779273168639609
ERR188153	DPB1	0.38053670255990385
ERR188153	DQA1	0.4130252568319106
ERR188153	DQB1	0.499732956084896
ERR188153	DRA	0.46740952713263056
ERR188153	DRB1	0.4894156885795914
ERR188154	A	0.37073462090097653
ERR188154	B	0.4716336043495089
ERR188154	C	0.4978636721658199
ERR188154	DPB1	0.35011414953668707
ERR188154	DQA1	0.48022804689597376
ERR188154	DQB1	0.4073598197879859
ERR188154	DRB1	0.45470917759511786
ERR188155	A	0.455894252842726
ERR188155	B	0.4349055743495469
ERR188155	C	0.44788866053896365
ERR188155	DPB1	0.41726551613413476
ERR188155	DQA1	0.49130230324223567
ERR188155	DQB1	0.4117377692298004
ERR188155	DRA	0.4623053370434016
ERR188155	DRB1	0.4435947351432218
ERR188156	A	0.4159415722755018
ERR188156	B	0.4668701568375431
ERR188156	C	0.38869318258190555
ERR188156	DPB1	0.42494385598065076
ERR188156	DQA1	0.45832807788563273
ERR188156	DQB1	0.4240203105429862
ERR188156	DRB1	0.4402896261820498
ERR188157	A	0.44927272013999286
ERR188157	B	0.4788291657772718
ERR188157	C	0.4868548094864368
ERR188157	DQA1	0.43378988672893054
ERR188157	DQB1	0.40647338607597244
ERR188157	DRA	0.4991725134601989
ERR188157	DRB1	0.43692497680058345
ERR188159	A	0.4703090527329807
ERR188159	DPB1	0.41276205413632844
ERR188159	DQA1	0.41329424002415716
ERR188159	DQB1	0.42417444873359045
ERR188159	DRB1	0.45250888730637034
ERR188160	A	0.43561690743990283
ERR188160	B	0.4227645864145158
ERR188160	C	0.355691807676372
ERR188160	DPB1	0.4789104175734779
ERR188160	DQB1	0.4135599616119743
ERR188160	DRA	0.48823874152267377
ERR188161	A	0.46916972087719583
ERR188161	B	0.43648359104981405
ERR188161	C	0.49962519463695754
ERR188161	DQA1	0.2115341841728988
ERR188161	DQB1	0.3792677536910001
ERR188161	DRA	0.492713263635636
ERR188161	DRB1	0.28771052087432886
ERR188163	A	0.4362262005572157
ERR188163	B	0.485129627420764
ERR188163	C	0.38939967067110975
ERR188163	DQA1	0.38867041056993545
ERR188163	DQB1	0.4683238918550908
ERR188163	DRA	0.4566370784641403
ERR188163	DRB1	0.3622101837146301
ERR188164	A	0.4050113108728604
ERR188164	B	0.4788230353269015
ERR188164	C	0.44167692496550437
ERR188164	DPB1	0.3904409121378661
ERR188164	DQA1	0.412536464157032
ERR188164	DQB1	0.44246703583346275
ERR188164	DRA	0.4641024304275743
ERR188164	DRB1	0.30017414969492207
ERR188166	A	0.48683728982964397
ERR188166	B	0.49064346686884125
ERR188166	C	0.3636798570206802
ERR188166	DQA1	0.3829889029556028
ERR188166	DQB1	0.32922166439084033
ERR188166	DRB1	0.4735609749066082
ERR188167	A	0.48994527229081675
ERR188167	B	0.48892290076184736
ERR188167	C	0.3838055498569049
ERR188167	DPA1	0.42704632917406915
ERR188167	DPB1	0.4436567127735714
ERR188167	DQA1	0.46526997426895805
ERR188167	DQB1	0.4070170764608103
ERR188167	DRA	0.47331781763697023
ERR188167	DRB1	0.49186059632762935
ERR188168	A	0.4783091443205635
ERR188168	B	0.42269120289283985
ERR188168	C	0.4581923947875342
ERR188168	DQA1	0.40895319099476085
ERR188168	DQB1	0.48498492700240925
ERR188168	DRA	0.4794917620485039
ERR188168	DRB1	0.34557119349098314
ERR188169	A	0.43434835123243515
ERR188169	B	0.46028192389004985
ERR188169	C	0.38813235722419187
ERR188169	DPB1	0.4427987145186482
ERR188169	DQA1	0.4188060281927535
ERR188169	DQB1	0.490940233209404
ERR188169	DRA	0.4570970178535137
ERR188169	DRB1	0.45793311638556455
ERR188171	A	0.46355930138342477
ERR188171	B	0.4349534480736825
ERR188171	C	0.42506603847009233
ERR188171	DPA1	0.43548167911713753
ERR188171	DPB1	0.4817679938441568
ERR188171	DQA1	0.41099366525364367
ERR188171	DQB1	0.3931029276876201
ERR188171	DRB1	0.4651201287099538
ERR188172	A	0.41004815864690336
ERR188172	B	0.48404674872334946
ERR188172	C	0.45934877019459686
ERR188172	DQA1	0.4329640308908881
ERR188172	DQB1	0.4036778392872674
ERR188172	DRA	0.485520664087359
ERR188172	DRB1	0.46273755601112704
ERR188173	A	0.4448566225825854
ERR188173	B	0.4991415629692534
ERR188173	C	0.4190855322021434
ERR188173	DPB1	0.49929663577146655
ERR188173	DQA1	0.4859985338808882
ERR188173	DQB1	0.4688857833021911
ERR188173	DRA	0.4782711551159213
ERR188173	DRB1	0.329013995087723
ERR188176	A	0.45600245019241203
ERR188176	B	0.45792816245979445
ERR188176	C	0.4354754537235212
ERR188176	DQA1	0.3718112903652026
ERR188176	DQB1	0.374843312055896
ERR188176	DRA	0.4774387105347035
ERR188176	DRB1	0.469843392039065
ERR188177	A	0.46376291526842806
ERR188177	B	0.49993829285646385
ERR188177	C	0.46219978764817465
ERR188177	DPA1	0.4230314431073001
ERR188177	DPB1	0.41757419915997884
ERR188177	DQA1	0.3739479183559929
ERR188177	DQB1	0.4192258785549464
ERR188177	DRB1	0.42696575563634265
ERR188179	A	0.44021591516126757
ERR188179	B	0.4696585015326299
ERR188179	C	0.39672931522953897
ERR188179	DQA1	0.4725593532636131
ERR188179	DQB1	0.4184413706680842
ERR188179	DRA	0.4944395335911316
ERR188179	DRB1	0.3511906556173036
ERR188180	B	0.426764757400791
ERR188180	C	0.42546534727155094
ERR188180	DQA1	0.4873868673018152
ERR188180	DQB1	0.4685939319951468
ERR188180	DRA	0.46889558803723186
ERR188180	DRB1	0.42050925630403635
ERR188181	A	0.40425448172512746
ERR188181	B	0.4808312948893934
ERR188181	C	0.4518206791692775
ERR188185	A	0.47949777493003604
ERR188185	B	0.49464088446858223
ERR188185	C	0.47579375273141256
ERR188185	DPB1	0.3914037782927308
ERR188185	DQA1	0.37405759925598064
ERR188185	DQB1	0.32171531401514647
ERR188185	DRB1	0.4191379054671524
ERR188186	A	0.46366344247115276
ERR188187	A	0.4082976607998808
ERR188187	B	0.458573021433185
ERR188187	C	0.3220037550487144
ERR188187	DQA1	0.3390182116974943
ERR188187	DQB1	0.42884726806271095
ERR188187	DRB1	0.4346392589331267
ERR188189	A	0.43896058614232114
ERR188189	B	0.46467364575976244
ERR188189	C	0.39647742436893807
ERR188189	DPB1	0.35046747994177635
ERR188189	DQA1	0.38011929104602254
ERR188189	DQB1	0.4316294837485467
ERR188189	DRB1	0.46283033661314643
ERR188190	B	0.3958011707580296
ERR188190	C	0.407033685803125
ERR188190	DPB1	0.4460223225807919
ERR188190	DQA1	0.45156535345741544
ERR188190	DQB1	0.48602504131771107
ERR188190	DRB1	0.42220821638166733
ERR188191	B	0.479884526968739
ERR188191	C	0.45494110289714945
ERR188191	DPB1	0.4866643614672524
ERR188191	DQA1	0.47259093299564625
ERR188191	DQB1	0.4011451296253126
ERR188191	DRA	0.4810905416464552
ERR188191	DRB1	0.4311832480163125
ERR188192	A	0.4610755096008381
ERR188192	DPA1	0.42179940474578864
ERR188192	DPB1	0.34177686556396025
ERR188192	DQA1	0.46192355221800674
ERR188192	DQB1	0.4658475645071637
ERR188192	DRA	0.4922104627340458
ERR188192	DRB1	0.46783193608410123
ERR188194	A	0.48280749482346025
ERR188194	B	0.4751410172754959
ERR188194	C	0.4217093682442854
ERR188194	DPA1	0.46158652722411586
ERR188194	DPB1	0.38120290774150406
ERR188194	DQA1	0.4681368728071622
ERR188194	DQB1	0.32750536910302797
ERR188194	DRB1	0.4907631788499649
ERR188195	A	0.4951753344033048
ERR188195	B	0.4038438459123331
ERR188195	C	0.33012255757041287
ERR188195	DPB1	0.42324104845797617
ERR188195	DQA1	0.4943888924592123
ERR188195	DQB1	0.43019134045362023
ERR188195	DRB1	0.4072283327272619
ERR188196	A	0.40933189389225483
ERR188196	B	0.44463569291214233
ERR188196	C	0.4941522718652611
ERR188196	DPB1	0.4359431409864819
ERR188196	DQA1	0.4727339319057334
ERR188196	DQB1	0.4736435163983548
ERR188196	DRB1	0.45798118633638857
ERR188197	A	0.3716211939922861
ERR188197	B	0.4393966025438635
ERR188197	C	0.392573955068414
ERR188197	DPA1	0.4578068767322772
ERR188197	DPB1	0.4736364177828194
ERR188197	DQA1	0.49533124599835543
ERR188197	DQB1	0.4802174082783002
ERR188197	DRA	0.4918368294575704
ERR188197	DRB1	0.48307618162154914
ERR188198	A	0.3926508391790769
ERR188198	B	0.4967863918911827
ERR188198	C	0.4431513771064229
ERR188198	DPB1	0.3940055742927357
ERR188198	DQA1	0.3571813137892831
ERR188198	DQB1	0.46267609780938573
ERR188198	DRA	0.43929359709236787
ERR188198	DRB1	0.4632330237486497
ERR188199	A	0.4752577708129752
ERR188199	DPB1	0.3347047903289528
ERR188199	DQA1	0.4554682163804814
ERR188199	DQB1	0.496931836507327
ERR188199	DRA	0.4279749947912613
ERR188199	DRB1	0.377007761484309
ERR188201	A	0.41458989053705136
ERR188201	B	0.4219548430534876
ERR188201	C	0.47972489379582517
ERR188201	DPA1	0.4296973088745144
ERR188201	DPB1	0.42637841501206225
ERR188201	DQA1	0.4764195856606813
ERR188201	DQB1	0.2900044247219538
ERR188201	DRA	0.49212301910532974
ERR188201	DRB1	0.48026269949165085
ERR188202	A	0.44438533675750863
ERR188202	B	0.4760177712669232
ERR188202	C	0.4663691171482222
ERR188202	DPB1	0.33849221190838863
ERR188202	DQA1	0.44232099387016166
ERR188202	DQB1	0.43460675271315724
ERR188202	DRB1	0.4373804968734979
ERR188203	A	0.4701581203747395
ERR188203	B	0.43305748852850456
ERR188203	C	0.48870209671217474
ERR188203	DPA1	0.3721749313682837
ERR188203	DPB1	0.4747887781756174
ERR188203	DQA1	0.4261893455531416
ERR188203	DQB1	0.49466184255449075
ERR188203	DRB1	0.49332858848796163
ERR188204	A	0.4970611092067259
ERR188204	B	0.4607500515874667
ERR188204	C	0.41746742330742254
ERR188204	DQA1	0.489927253735261
ERR188204	DQB1	0.3529156304312184
ERR188204	DRA	0.48931775817265255
ERR188204	DRB1	0.4535357331192022
ERR188205	B	0.47697211634898545
ERR188205	C	0.46938522448471254
ERR188205	DPA1	0.42874779980164834
ERR188205	DPB1	0.4086400658169276
ERR188205	DQA1	0.47245557292885165
ERR188205	DQB1	0.4749220222287175
ERR188205	DRA	0.4564281941443575
ERR188205	DRB1	0.37127574738108005
ERR188206	B	0.46688649514608643
ERR188206	C	0.48288375619366475
ERR188206	DPA1	0.47211663442078133
ERR188206	DPB1	0.3691013053506666
ERR188206	DQA1	0.43938379266163174
ERR188206	DQB1	0.4000132466702522
ERR188206	DRA	0.47917084229542317
ERR188206	DRB1	0.4421161413671518
ERR188208	B	0.44242308597083824
ERR188208	C	0.4347608830351544
ERR188208	DPA1	0.44946584180895305
ERR188208	DPB1	0.40338441898205557
ERR188208	DQA1	0.43392741247158473
ERR188208	DQB1	0.4468229212339088
ERR188208	DRA	0.4705879130260525
ERR188208	DRB1	0.4017064314074589
ERR188212	A	0.45209524729055517
ERR188212	B	0.4584201804561608
ERR188212	C	0.4568084608764811
ERR188212	DPB1	0.3618144007358507
ERR188212	DQA1	0.3559022871088384
ERR188212	DQB1	0.41513306412040374
ERR188212	DRA	0.4816725884760259
ERR188212	DRB1	0.44915515970804804
ERR188213	A	0.4823176479657886
ERR188213	C	0.3849298825768492
ERR188213	DPA1	0.48341738134184503
ERR188213	DPB1	0.47585908711024644
ERR188215	A	0.4667463972580964
ERR188215	B	0.42881542716805643
ERR188215	C	0.34034727554952854
ERR188215	DPB1	0.47824560236489894
ERR188215	DQA1	0.471229846585419
ERR188215	DQB1	0.4657407144853588
ERR188215	DRA	0.4928270817246984
ERR188215	DRB1	0.43090965923636854
ERR188216	A	0.45951266509322525
ERR188216	B	0.4707386230368033
ERR188217	A	0.4089641125671572
ERR188217	B	0.4937229023318669
ERR188217	C	0.453572353166058
ERR188217	DPB1	0.40449944496183904
ERR188217	DQA1	0.46863075235142226
ERR188217	DQB1	0.4953988796209091
ERR188217	DRA	0.47632109940753087
ERR188217	DRB1	0.3370279539194565
ERR188218	A	0.47320660665488834
ERR188218	C	0.33106552611860723
ERR188218	DPB1	0.41946002664224785
ERR188218	DQA1	0.412426462808505
ERR188218	DQB1	0.42204888288157266
ERR188218	DRA	0.46851882845461296
ERR188218	DRB1	0.37470234388982404
ERR188219	A	0.489101817238647
ERR188219	B	0.4192390625377963
ERR188219	C	0.44456942817735584
ERR188219	DPB1	0.4250427028124271
ERR188219	DQA1	0.38098331420991316
ERR188219	DQB1	0.29248745448133423
ERR188219	DRA	0.4891297195919399
ERR188219	DRB1	0.4347138517369952
ERR188220	A	0.4778655580998572
ERR188220	C	0.49389919790714076
ERR188220	DPA1	0.41804625653158223
ERR188220	DPB1	0.4209025898707339
ERR188220	DQA1	0.3468291675329609
ERR188220	DQB1	0.4981439058203206
ERR188220	DRB1	0.3497488386040766
ERR188222	DPA1	0.4945305782133874
ERR188222	DPB1	0.42787174216443147
ERR188224	A	0.4216724115734306
ERR188224	B	0.45949494801256485
ERR188224	C	0.30017861965600995
ERR188224	DQA1	0.4389379793832558
ERR188224	DQB1	0.3940602971311006
ERR188224	DRB1	0.38362213927498806
ERR188226	A	0.4691116722733306
ERR188226	B	0.4876941466809477
ERR188226	C	0.4564282688449718
ERR188226	DPB1	0.49676242192980985
ERR188226	DQA1	0.4518448984279092
ERR188226	DQB1	0.45015325579907883
ERR188226	DRB1	0.49545892935606123
ERR188227	A	0.43990605229899743
ERR188227	B	0.44573847486394996
ERR188227	C	0.4323225718898662
ERR188227	DPB1	0.4334999829657097
ERR188227	DQA1	0.47303046974720675
ERR188227	DQB1	0.39836445216349486
ERR188227	DRA	0.48483890744607544
ERR188227	DRB1	0.3230744211062481
ERR188228	A	0.46018225708498445
ERR188228	B	0.4277625817744054
ERR188228	C	0.48775602871897517
ERR188228	DPA1	0.4181321654395377
ERR188228	DPB1	0.47961327772842216
ERR188228	DQA1	0.43568213914569903
ERR188228	DQB1	0.46649434706694376
ERR188228	DRA	0.4780394868752492
ERR188228	DRB1	0.4357508133803103
ERR188229	A	0.4070496986506677
ERR188229	DPB1	0.4995093544519646
ERR188229	DQA1	0.4593589446282453
ERR188229	DQB1	0.4883574659485922
ERR188229	DRA	0.44136139263830537
ERR188229	DRB1	0.37930662335833065
ERR188230	B	0.4702041210772302
ERR188230	C	0.4446967638101523
ERR188230	DPB1	0.4418302773395791
ERR188230	DQA1	0.4129230025159305
ERR188230	DQB1	0.45373281120771264
ERR188230	DRA	0.48148331245682274
ERR188230	DRB1	0.478105988723691
ERR188231	A	0.4958552053387078
ERR188231	DPB1	0.4576444324770391
ERR188231	DQA1	0.4235488686823769
ERR188231	DQB1	0.4898087213562812
ERR188231	DRA	0.49779046202003063
ERR188231	DRB1	0.34324398497164976
ERR188235	A	0.48846075462735994
ERR188235	DPA1	0.44008579683577487
ERR188235	DPB1	0.417490286411606
ERR188235	DQA1	0.47530933334184766
ERR188235	DQB1	0.37595005644675217
ERR188235	DRA	0.4932437580435138
ERR188235	DRB1	0.39815831918637823
ERR188236	A	0.4759473752600253
ERR188236	B	0.45853381386101805
ERR188236	C	0.4618702936221005
ERR188236	DPB1	0.416576606395903
ERR188237	A	0.47234942251862355
ERR188237	B	0.4588547737530271
ERR188237	C	0.4857511121476728
ERR188237	DPA1	0.4264581177695892
ERR188237	DPB1	0.35238324188773373
ERR188237	DQA1	0.33475247937654345
ERR188237	DQB1	0.43848794459662943
ERR188237	DRA	0.4903847217893318
ERR188237	DRB1	0.3601288165657014
ERR188238	B	0.48621203670890606
ERR188238	C	0.3511591666372565
ERR188239	A	0.393776249315257
ERR188239	B	0.4925398177676619
ERR188239	C	0.3908898070422559
ERR188239	DPB1	0.3569466435264973
ERR188239	DQA1	0.42387247987905685
ERR188239	DQB1	0.31260184314464934
ERR188239	DRB1	0.38592759865908954
ERR188240	A	0.4300947402870823
ERR188240	B	0.453117878165415
ERR188240	C	0.48673901363447847
ERR188240	DPB1	0.3914291728078238
ERR188240	DQA1	0.49774579754252457
ERR188240	DQB1	0.38724654452137447
ERR188240	DRB1	0.46180302807822965
ERR188241	A	0.447772995804687
ERR188241	B	0.4734836238155707
ERR188241	C	0.48787556077311617
ERR188241	DQA1	0.47409143198642517
ERR188241	DQB1	0.3785439749355118
ERR188241	DRB1	0.48334765281292225
ERR188242	A	0.49761216231097827
ERR188242	DPB1	0.4365753456871232
ERR188242	DQA1	0.25188996191525165
ERR188242	DQB1	0.36987287534106156
ERR188242	DRA	0.4877211033029544
ERR188242	DRB1	0.38783662492883947
ERR188244	A	0.4730937920473187
ERR188244	B	0.4630398736402333
ERR188244	C	0.47614620084685033
ERR188244	DQA1	0.49385719462293953
ERR188244	DQB1	0.49737723107606435
ERR188244	DRA	0.4957444840797044
ERR188244	DRB1	0.37668304352820253
ERR188245	B	0.46040584651544547
ERR188245	C	0.4999646012134102
ERR188245	DPA1	0.49826689090442344
ERR188245	DPB1	0.38505321658229974
ERR188245	DQA1	0.4341447425673769
ERR188245	DQB1	0.45249483490226144
ERR188245	DRA	0.4636233155322714
ERR188245	DRB1	0.39220699279048177
ERR188246	B	0.47256726759655315
ERR188246	C	0.45743533846509893
ERR188246	DQA1	0.3819152066991535
ERR188246	DQB1	0.40860480520150605
ERR188246	DRA	0.4960799615477083
ERR188246	DRB1	0.4502802708768007
ERR188248	A	0.44509611497381424
ERR188248	B	0.44983232286668967
ERR188248	C	0.4970436568383656
ERR188248	DPB1	0.48611630082347357
ERR188248	DQA1	0.3136076258516093
ERR188248	DQB1	0.39647761343811744
ERR188248	DRA	0.48519254267726636
ERR188248	DRB1	0.35568788720194067
ERR188249	A	0.41027388549340954
ERR188249	B	0.45252010090903894
ERR188249	C	0.49531257528565437
ERR188249	DPA1	0.4993951348888649
ERR188249	DPB1	0.3590742052845029
ERR188249	DQA1	0.42687006925602233
ERR188249	DQB1	0.2696959493582017
ERR188249	DRA	0.4958477120481651
ERR188249	DRB1	0.39959385736480335
ERR188250	A	0.4657114257805971
ERR188250	B	0.4510029129253803
ERR188250	C	0.4430649541986933
ERR188250	DPA1	0.4122893726753472
ERR188250	DPB1	0.4083939376352062
ERR188250	DQA1	0.49610335869045846
ERR188250	DQB1	0.30666917518511855
ERR188250	DRB1	0.4115866615901913
ERR188251	A	0.4366918594406855
ERR188251	B	0.4311093120931019
ERR188251	C	0.48847409072881104
ERR188251	DPB1	0.42007990736246836
ERR188251	DQA1	0.43880000789490026
ERR188251	DQB1	0.41616539352601034
ERR188251	DRA	0.4363359281370113
ERR188251	DRB1	0.3545166411207069
ERR188252	A	0.4776282350209455
ERR188252	B	0.45198293432042147
ERR188252	C	0.4982541110464041
ERR188252	DPA1	0.4394914486565241
ERR188252	DPB1	0.40550048667656674
ERR188252	DQA1	0.36483107536099807
ERR188252	DQB1	0.4934403664642977
ERR188252	DRB1	0.3626739481441297
ERR188253	A	0.47257999589850297
ERR188253	B	0.4687697963414524
ERR188253	C	0.4665805826068405
ERR188253	DPB1	0.4680058738920241
ERR188253	DQA1	0.48972083062434213
ERR188253	DQB1	0.48312467823972904
ERR188253	DRA	0.4839716925728507
ERR188253	DRB1	0.4587112711766804
ERR188254	A	0.395715649765086
ERR188254	B	0.4691816624530342
ERR188254	C	0.4786078105016957
ERR188254	DQA1	0.47930000522823346
ERR188254	DQB1	0.3119567858134665
ERR188254	DRB1	0.4267010607089783
ERR188255	B	0.46070251893493874
ERR188255	C	0.4721850211799267
ERR188255	DPB1	0.4191838255248717
ERR188255	DQB1	0.4627878684786721
ERR188255	DRA	0.4443844096631591
ERR188255	DRB1	0.3472784893869602
ERR188256	A	0.4662230889172952
ERR188256	B	0.49769943736149674
ERR188256	C	0.440684317079342
ERR188256	DQA1	0.4000961614089149
ERR188256	DQB1	0.4278900104634924
ERR188256	DRB1	0.47906846370418227
ERR188257	B	0.42816801804054005
ERR188257	C	0.45704660825891474
ERR188257	DPA1	0.4529710799659988
ERR188257	DPB1	0.39801148917420626
ERR188257	DQA1	0.40143557070970837
ERR188257	DQB1	0.36137665001409464
ERR188257	DRA	0.49219179199646296
ERR188257	DRB1	0.3580700263171036
ERR188258	A	0.3988586294938778
ERR188258	B	0.47463707274650674
ERR188258	C	0.46578549289859106
ERR188258	DPB1	0.4740840758750099
ERR188258	DQA1	0.4504429518894171
ERR188258	DQB1	0.23355758240619356
ERR188258	DRB1	0.3955560600021831
ERR188259	A	0.4643272735885314
ERR188259	B	0.4916156561250595
ERR188259	C	0.4527007975093678
ERR188259	DPA1	0.43270945418895945
ERR188259	DQA1	0.41186995910515023
ERR188259	DRA	0.4967910660590564
ERR188259	DRB1	0.4420254113713053
ERR188260	A	0.43935658065461686
ERR188260	B	0.46367191197217894
ERR188260	C	0.474048666496109
ERR188260	DPB1	0.34483980071349946
ERR188260	DQA1	0.3576130158076638
ERR188260	DQB1	0.39851038549918527
ERR188260	DRA	0.45891883580410914
ERR188260	DRB1	0.4953300129655369
ERR188262	A	0.4444366726637516
ERR188262	B	0.41238689555255015
ERR188262	C	0.39251559792536267
ERR188262	DPA1	0.4291817166355849
ERR188262	DPB1	0.4207032397681811
ERR188262	DQA1	0.4655564328244892
ERR188262	DQB1	0.3974658740737959
ERR188262	DRA	0.49654320572608146
ERR188262	DRB1	0.49077521124896095
ERR188263	B	0.4574689918756227
ERR188263	DPB1	0.45363491118229987
ERR188263	DQA1	0.3774746652117744
ERR188263	DQB1	0.465583605178821
ERR188263	DRA	0.4631100076514504
ERR188263	DRB1	0.352752104162827
ERR188264	B	0.45853944786523787
ERR188264	C	0.3264007421635515
ERR188264	DPA1	0.46266002347789487
ERR188264	DPB1	0.3691887769968292
ERR188264	DQA1	0.45985535348971257
ERR188264	DQB1	0.4575672131883451
ERR188264	DRA	0.47589914077251194
ERR188264	DRB1	0.46359401913754117
ERR188265	A	0.4898956420160656
ERR188265	B	0.38523416234134755
ERR188265	DRA	0.4858352886432486
ERR188265	DRB1	0.46040742378984817
ERR188266	A	0.4187925445291044
ERR188266	B	0.49126178697277495
ERR188266	C	0.47023848097672466
ERR188266	DPB1	0.3773801964180577
ERR188266	DQB1	0.4576079026006838
ERR188266	DRA	0.4922139782534004
ERR188266	DRB1	0.3580076121472729
ERR188267	A	0.4975610168629396
ERR188267	B	0.466663797459794
ERR188267	C	0.3633232897678645
ERR188267	DPB1	0.43004310344118096
ERR188267	DQA1	0.4184708739092262
ERR188267	DQB1	0.2902653356422518
ERR188267	DRA	0.49288211626950884
ERR188267	DRB1	0.3626335735179941
ERR188270	A	0.4091907109150124
ERR188270	B	0.44045012906743697
ERR188270	C	0.4432292686245199
ERR188270	DPB1	0.42907551643218145
ERR188270	DQA1	0.48663747267354984
ERR188270	DQB1	0.3491324578374506
ERR188270	DRA	0.49141243040316906
ERR188270	DRB1	0.46610571633028985
ERR188271	A	0.44443461419947466
ERR188271	B	0.4796208871623729
ERR188271	DPB1	0.4406341841677441
ERR188271	DQA1	0.39811728406685537
ERR188271	DQB1	0.46484160068377145
ERR188271	DRB1	0.36451151177567065
ERR188272	A	0.4897654863137011
ERR188272	DPB1	0.4740679106049656
ERR188274	A	0.48391616597673265
ERR188274	B	0.44428124190956275
ERR188274	C	0.4569375862930094
ERR188274	DQA1	0.3356182654235315
ERR188274	DQB1	0.4699031036326871
ERR188274	DRA	0.4739799224280161
ERR188274	DRB1	0.3391244860142129
ERR188276	A	0.14003883862777972
ERR188276	B	0.456286371750156
ERR188276	C	0.4824039042968254
ERR188276	DPA1	0.45468215575665977
ERR188276	DPB1	0.43195018595193724
ERR188276	DQA1	0.4925835770076169
ERR188276	DQB1	0.33210864723617745
ERR188276	DRB1	0.4087253383796015
ERR188277	A	0.4529958598224225
ERR188277	B	0.4257069347839747
ERR188277	C	0.49007313040925926
ERR188277	DPA1	0.4769057868592005
ERR188277	DPB1	0.3989182806624273
ERR188277	DQA1	0.49474398223553034
ERR188277	DQB1	0.42637837023620934
ERR188277	DRA	0.48174086939777055
ERR188277	DRB1	0.3624875773196596
ERR188279	A	0.3967734385474814
ERR188279	B	0.440333700300802
ERR188279	C	0.46721154030780643
ERR188279	DPB1	0.49600900344721816
ERR188279	DQA1	0.38246844498278154
ERR188279	DQB1	0.4445428326891196
ERR188279	DRB1	0.45795918752604636
ERR188280	A	0.449690867107321
ERR188280	B	0.46023587227781315
ERR188280	C	0.4239459331401094
ERR188280	DQA1	0.40250694293418765
ERR188280	DQB1	0.45440490513543547
ERR188280	DRA	0.46929513070911255
ERR188280	DRB1	0.49574212680340335
ERR188281	B	0.48107185331746266
ERR188281	C	0.4982079232147932
ERR188281	DPA1	0.39025974925109747
ERR188281	DPB1	0.42259052823025406
ERR188281	DQA1	0.41617818473958174
ERR188281	DQB1	0.4310431007363688
ERR188281	DRB1	0.48366125541914784
ERR188282	A	0.4680823498258232
ERR188282	B	0.4913108168238283
ERR188282	C	0.4845900280353832
ERR188282	DQA1	0.2710924815701664
ERR188282	DQB1	0.48831009965500755
ERR188282	DRB1	0.3794080208493491
ERR188285	A	0.4403985558436565
ERR188285	B	0.4917144930897437
ERR188285	C	0.4457558991533825
ERR188285	DPA1	0.4975088500842677
ERR188285	DPB1	0.34432241909057437
ERR188285	DQB1	0.42642948667011726
ERR188285	DRA	0.47478872125866556
ERR188286	A	0.4523971528512889
ERR188286	B	0.4334020395805532
ERR188286	C	0.4799661366920868
ERR188286	DPB1	0.46027028110503854
ERR188286	DQA1	0.48241585236229445
ERR188286	DQB1	0.313031793155007
ERR188286	DRB1	0.47558028241956773
ERR188288	A	0.45285928028674566
ERR188288	B	0.4307125315447484
ERR188288	DPB1	0.40942992278432633
ERR188288	DQA1	0.45161071584906953
ERR188288	DQB1	0.3672342646244786
ERR188288	DRA	0.4937576300570426
ERR188288	DRB1	0.48146258954622223
ERR188289	B	0.4819655662699543
ERR188289	C	0.4981245593045236
ERR188289	DPB1	0.37231307054502516
ERR188289	DQA1	0.49411208386448213
ERR188289	DQB1	0.42235040583272515
ERR188289	DRA	0.48524873782478306
ERR188289	DRB1	0.4107227954399375
ERR188290	A	0.484752313732333
ERR188290	B	0.4633870251098137
ERR188290	C	0.4702443749576776
ERR188290	DPB1	0.4614148056810788
ERR188290	DQA1	0.4612146432773612
ERR188290	DQB1	0.3667530920897334
ERR188290	DRA	0.49757186902090905
ERR188290	DRB1	0.4162069645207162
ERR188291	A	0.4941177833278281
ERR188291	B	0.4347685617318662
ERR188291	C	0.42849904948461354
ERR188291	DPA1	0.42298549638228367
ERR188291	DPB1	0.4178696736298385
ERR188291	DQB1	0.4135837321152883
ERR188291	DRA	0.49361057528863217
ERR188293	A	0.4477123516488228
ERR188293	B	0.4742748827585026
ERR188293	C	0.474781892887004
ERR188293	DPA1	0.47226315335359836
ERR188293	DPB1	0.3868430544310189
ERR188293	DQA1	0.4137179866332788
ERR188293	DQB1	0.499119074554826
ERR188293	DRA	0.4724730626655792
ERR188293	DRB1	0.44540452694651117
ERR188294	A	0.4603586994146198
ERR188294	B	0.4789268027417574
ERR188294	C	0.4096469807900939
ERR188294	DPA1	0.4015332207023758
ERR188294	DPB1	0.4840732722944064
ERR188294	DQA1	0.499113226154318
ERR188294	DQB1	0.4121857108932548
ERR188294	DRA	0.48883358202968924
ERR188294	DRB1	0.42629438853624213
ERR188295	A	0.38554812090897794
ERR188295	B	0.4362212082391309
ERR188295	C	0.4977955186678034
ERR188295	DPA1	0.45158235591359513
ERR188295	DPB1	0.45434668351493834
ERR188295	DQA1	0.43146743178217084
ERR188295	DQB1	0.4675807252861854
ERR188295	DRB1	0.4607909757202705
ERR188296	A	0.42150525212092055
ERR188296	B	0.4190410233620949
ERR188296	C	0.4063464244521429
ERR188296	DPA1	0.42877554121750033
ERR188296	DPB1	0.38661778632184535
ERR188296	DQA1	0.4676933550100624
ERR188296	DQB1	0.34064730617510863
ERR188296	DRA	0.4663264423233242
ERR188296	DRB1	0.46635379833570195
ERR188297	A	0.39302398389990073
ERR188297	DPB1	0.48404833171535483
ERR188297	DQA1	0.3769448381108617
ERR188297	DQB1	0.4750650490090538
ERR188297	DRB1	0.34676150228361474
ERR188299	A	0.40382500841172003
ERR188299	B	0.4852518477369967
ERR188299	C	0.4124831770656598
ERR188299	DPB1	0.3804697235547406
ERR188299	DQA1	0.46602935295076725
ERR188299	DQB1	0.4759545800642708
ERR188299	DRB1	0.4744479072133252
ERR188300	A	0.45307247068581075
ERR188300	B	0.47738104660308067
ERR188300	C	0.4672603573048618
ERR188300	DQA1	0.45878644703230614
ERR188300	DQB1	0.4428865911087438
ERR188300	DRA	0.49063774947732536
ERR188300	DRB1	0.3976339921509681
ERR188301	A	0.42092789987883145
ERR188301	B	0.43000876342113953
ERR188301	C	0.463196547610106
ERR188301	DPB1	0.3586065068634384
ERR188301	DRB1	0.4882730314122457
ERR188302	A	0.416099447665527
ERR188302	B	0.48443117228810745
ERR188302	C	0.4302509146049733
ERR188302	DPB1	0.41914689617333883
ERR188302	DQA1	0.4138260057727246
ERR188302	DRB1	0.45268138064218333
ERR188303	B	0.4727457304896223
ERR188303	C	0.4000360016286219
ERR188303	DPB1	0.4532852345056836
ERR188304	B	0.4449787699351281
ERR188304	C	0.3601636721509861
ERR188304	DPB1	0.4360649523450493
ERR188304	DQA1	0.47445463186413794
ERR188304	DQB1	0.45096392943542185
ERR188304	DRA	0.49807281461218833
ERR188304	DRB1	0.38720909718380475
ERR188305	A	0.47538083512494794
ERR188305	DPB1	0.46998486938485823
ERR188305	DQA1	0.4560831314869213
ERR188305	DQB1	0.3621243209139297
ERR188305	DRB1	0.48309746804116266
ERR188307	A	0.4546571703914035
ERR188307	B	0.46814282305768185
ERR188307	C	0.4533043930111401
ERR188307	DQA1	0.30426953475505003
ERR188307	DQB1	0.40980166962784714
ERR188307	DRA	0.4970843552694561
ERR188307	DRB1	0.3061706929745347
ERR188308	A	0.4811159466325919
ERR188308	B	0.4678210550255716
ERR188308	C	0.475331231049964
ERR188308	DPB1	0.4745151371163529
ERR188308	DQB1	0.44059232875098303
ERR188308	DRA	0.4986724690012454
ERR188309	A	0.4264525130199333
ERR188309	B	0.4418767211344067
ERR188309	C	0.4925890164549415
ERR188309	DPA1	0.4386917873858959
ERR188309	DPB1	0.46373442024796846
ERR188309	DQA1	0.26756377478573107
ERR188309	DQB1	0.4306664883577915
ERR188309	DRA	0.4955518764202351
ERR188309	DRB1	0.38994748248165995
ERR188312	A	0.4381741667059814
ERR188312	B	0.4523848950739604
ERR188312	C	0.39436066119851676
ERR188312	DPB1	0.3835706764890681
ERR188312	DQA1	0.362844614319601
ERR188312	DQB1	0.3373778890465222
ERR188312	DRB1	0.43243189679191385
ERR188314	A	0.4566741755846713
ERR188314	B	0.45170209710434017
ERR188314	C	0.45127517426849034
ERR188314	DQA1	0.43438221230322227
ERR188314	DQB1	0.45463261109835346
ERR188314	DRA	0.45439028464435055
ERR188314	DRB1	0.4538834447982252
ERR188315	A	0.46387667841637825
ERR188315	B	0.47820706554810477
ERR188315	C	0.4863889959143668
ERR188315	DRA	0.49842510318095923
ERR188315	DRB1	0.31060080644604215
ERR188316	B	0.47980075670233086
ERR188316	C	0.44940178886142956
ERR188316	DPB1	0.4019819716591818
ERR188316	DQA1	0.3810175105008429
ERR188316	DQB1	0.48518180518776405
ERR188316	DRA	0.4917488500969555
ERR188316	DRB1	0.2581690983518166
ERR188317	A	0.4905675901252539
ERR188317	B	0.4794612610548071
ERR188317	C	0.45556084148081005
ERR188317	DQA1	0.42781283202601195
ERR188317	DQB1	0.31009638659745975
ERR188317	DRA	0.49754876361100125
ERR188317	DRB1	0.2713339906898899
ERR188318	B	0.41504626562784097
ERR188318	C	0.38914134900737674
ERR188318	DPB1	0.4792710129930394
ERR188318	DQA1	0.36757055992346654
ERR188318	DQB1	0.3639119013697984
ERR188318	DRB1	0.37206527255805877
ERR188319	A	0.4575850100125906
ERR188319	B	0.4771323358488407
ERR188319	C	0.47073004350514375
ERR188319	DPB1	0.4057178621159496
ERR188319	DQA1	0.4002639744594531
ERR188319	DQB1	0.49400873144165514
ERR188319	DRA	0.4593032647805584
ERR188319	DRB1	0.40506320962283404
ERR188320	A	0.4695245856553209
ERR188320	B	0.46385861673216416
ERR188320	C	0.49260409293096474
ERR188320	DPB1	0.43858747552163346
ERR188320	DQA1	0.40127581258143363
ERR188320	DQB1	0.4803824260268531
ERR188320	DRA	0.49110095685787
ERR188320	DRB1	0.4432357149615751
ERR188321	A	0.4345440098236135
ERR188321	B	0.46950677879313274
ERR188321	C	0.49628613387254045
ERR188321	DPA1	0.44781125830880336
ERR188321	DPB1	0.4061951249899344
ERR188321	DQA1	0.41816758884832006
ERR188321	DQB1	0.4228824146795608
ERR188321	DRA	0.44419178639034135
ERR188321	DRB1	0.3832951559834171
ERR188323	A	0.4902229982526002
ERR188323	B	0.426158236448692
ERR188323	C	0.4986607725243861
ERR188323	DPB1	0.47887153462189685
ERR188323	DQA1	0.4976546948054938
ERR188323	DQB1	0.33972741533815654
ERR188323	DRA	0.4726183521615171
ERR188323	DRB1	0.426582884913463
ERR188324	A	0.44691329346009223
ERR188324	B	0.4936920358892821
ERR188324	DPB1	0.4643175974963095
ERR188324	DQA1	0.47655032386379165
ERR188324	DQB1	0.3705748798588567
ERR188324	DRB1	0.49760154977271553
ERR188325	A	0.465896694102473
ERR188325	B	0.48525517734391665
ERR188325	C	0.4339624401751355
ERR188325	DPB1	0.45206883887385607
ERR188325	DQA1	0.43066751769588046
ERR188325	DQB1	0.4710978454601887
ERR188325	DRA	0.49350970673764827
ERR188325	DRB1	0.44221709494518385
ERR188326	A	0.4588488486632556
ERR188326	B	0.4915072171184201
ERR188326	C	0.36676552994286066
ERR188327	A	0.4252465354366649
ERR188327	B	0.3946887460579534
ERR188327	C	0.3860409684066657
ERR188328	A	0.4191195910279552
ERR188328	B	0.49220733331492267
ERR188328	C	0.46561887424409815
ERR188328	DPA1	0.4810317340212973
ERR188328	DPB1	0.3682558941396558
ERR188328	DQA1	0.4594501859127394
ERR188328	DQB1	0.3194118816667731
ERR188328	DRA	0.4898534857498013
ERR188328	DRB1	0.2776784733907259
ERR188329	A	0.4390784862312389
ERR188329	B	0.46313883959235225
ERR188329	C	0.42081804130628
ERR188329	DPA1	0.4943352737692223
ERR188329	DPB1	0.38000202182807336
ERR188329	DQA1	0.4813152963929861
ERR188329	DQB1	0.3603945726884319
ERR188329	DRA	0.4991561446156808
ERR188329	DRB1	0.3942143921326411
ERR188330	A	0.45600569306887967
ERR188330	B	0.4641978577384287
ERR188330	C	0.45521005238109136
ERR188330	DPB1	0.3630572858598368
ERR188330	DQA1	0.3691615010701176
ERR188330	DQB1	0.4470799408048483
ERR188330	DRA	0.43446233162137726
ERR188330	DRB1	0.459315347724945
ERR188331	A	0.40316340387895705
ERR188331	B	0.48410724584577114
ERR188331	C	0.47077744113632025
ERR188331	DPB1	0.49502204982130305
ERR188331	DQA1	0.4164170294594188
ERR188331	DQB1	0.35653883088057436
ERR188331	DRA	0.463521161947759
ERR188331	DRB1	0.4749641117706244
ERR188332	A	0.42860516997205145
ERR188332	B	0.48073301675087415
ERR188332	C	0.48492769705205624
ERR188332	DPA1	0.45691226671518476
ERR188332	DPB1	0.40837586337649673
ERR188332	DQA1	0.30395958561447883
ERR188332	DQB1	0.4358481927668181
ERR188332	DRA	0.49041864259486007
ERR188332	DRB1	0.3341510191611685
ERR188333	A	0.3895564941056275
ERR188333	B	0.4271291614115874
ERR188333	C	0.49503403713972166
ERR188333	DPB1	0.40474512421412345
ERR188333	DQA1	0.4265216915802999
ERR188333	DQB1	0.47738938953523624
ERR188333	DRA	0.48673761464709847
ERR188333	DRB1	0.2993188164558032
ERR188334	A	0.46383327610873115
ERR188334	B	0.46391759763512735
ERR188334	C	0.3830354111331629
ERR188334	DPA1	0.4711132378497307
ERR188334	DPB1	0.4967884566753838
ERR188334	DQA1	0.4947249984614983
ERR188334	DQB1	0.35324803940480026
ERR188334	DRB1	0.39528490114924836
ERR188335	A	0.4460921648919904
ERR188335	B	0.44547289508771465
ERR188335	C	0.483914744238308
ERR188335	DPB1	0.36316066668667657
ERR188335	DQA1	0.3149650729989423
ERR188335	DQB1	0.39511145571679884
ERR188335	DRA	0.4979507661259349
ERR188335	DRB1	0.3404516759263503
ERR188336	A	0.45853767105004567
ERR188336	DQA1	0.4376567940490386
ERR188336	DQB1	0.39433067404218475
ERR188336	DRA	0.4944680781988562
ERR188336	DRB1	0.4218244938140071
ERR188337	B	0.4511173037399298
ERR188337	C	0.4170688725592433
ERR188337	DPB1	0.4829455313273655
ERR188337	DQB1	0.4147152703634519
ERR188337	DRB1	0.4466711786124151
ERR188339	A	0.4132166646900024
ERR188339	B	0.46846061319140664
ERR188339	C	0.46455881996442594
ERR188339	DPA1	0.40330282730026373
ERR188339	DPB1	0.48915336102505536
ERR188339	DQA1	0.4752466889996795
ERR188339	DQB1	0.4853249412934151
ERR188339	DRA	0.4521733155085311
ERR188339	DRB1	0.4789082192037664
ERR188340	A	0.4638845005860027
ERR188340	B	0.4861977892732557
ERR188340	C	0.4404131140271628
ERR188341	B	0.4540320763204595
ERR188341	C	0.4525713273036486
ERR188341	DPB1	0.3940394939117743
ERR188341	DQA1	0.29450534504751646
ERR188341	DQB1	0.496389863648509
ERR188341	DRB1	0.47936715171547645
ERR188342	A	0.48552852576626054
ERR188342	B	0.4687507176840597
ERR188342	C	0.4825463953299968
ERR188342	DPB1	0.3670573801092962
ERR188342	DQA1	0.39698194830037775
ERR188342	DQB1	0.48685973055096177
ERR188342	DRA	0.4957566499580489
ERR188342	DRB1	0.46022558019123777
ERR188343	A	0.4033707277651814
ERR188343	B	0.48353433067436236
ERR188343	C	0.3754527852640002
ERR188343	DPA1	0.44461211486799634
ERR188343	DPB1	0.4871288726222465
ERR188343	DQA1	0.4387343196370605
ERR188343	DQB1	0.2904373407230708
ERR188343	DRB1	0.38880482922169185
ERR188345	A	0.4883388700071296
ERR188345	B	0.4932119796892609
ERR188345	DPB1	0.43205456826290395
ERR188345	DQA1	0.40529362426304094
ERR188345	DQB1	0.4979681444491599
ERR188345	DRA	0.490970495466625
ERR188345	DRB1	0.2979693341773059
ERR188347	A	0.47827311798200667
ERR188347	B	0.4599049082377844
ERR188347	C	0.45132470397657437
ERR188347	DPB1	0.4261713237147146
ERR188347	DQA1	0.41757898387310244
ERR188347	DQB1	0.29996824938785993
ERR188347	DRA	0.48130135253281625
ERR188347	DRB1	0.4012492801966044
ERR188348	B	0.4539310746042602
ERR188348	C	0.4451666604147119
ERR188348	DPB1	0.46896610289322843
ERR188348	DQA1	0.4319421676040763
ERR188348	DQB1	0.48993683076973815
ERR188348	DRA	0.47026935785894103
ERR188348	DRB1	0.39449373390472975
ERR188349	A	0.4886036188129842
ERR188349	B	0.46373783609761443
ERR188349	C	0.4768160073153896
ERR188349	DPA1	0.4259543424351353
ERR188349	DPB1	0.362507638041294
ERR188349	DQA1	0.365392606804306
ERR188349	DQB1	0.3744235256858545
ERR188349	DRA	0.49987669863416384
ERR188349	DRB1	0.4108786913596296
ERR188350	A	0.4422198767744498
ERR188350	B	0.4841940306227419
ERR188350	C	0.48188371058933527
ERR188350	DPB1	0.4961449991864344
ERR188350	DQA1	0.47349619526597553
ERR188350	DQB1	0.42014951906096293
ERR188350	DRB1	0.4571856294384517
ERR188351	A	0.4388384897821839
ERR188351	B	0.4655268811596204
ERR188351	C	0.47930839066083425
ERR188351	DPA1	0.4735192012749056
ERR188351	DPB1	0.36309093766901895
ERR188351	DQA1	0.4196095521055514
ERR188351	DQB1	0.49409869298407483
ERR188351	DRA	0.4987264402888637
ERR188351	DRB1	0.3653713303115071
ERR188353	A	0.45185546961285944
ERR188353	B	0.47651848524429724
ERR188353	C	0.4964886989216824
ERR188353	DPA1	0.432444417446482
ERR188353	DPB1	0.4762669604716137
ERR188353	DQA1	0.47832159278701497
ERR188353	DQB1	0.30577184593676165
ERR188353	DRA	0.4559285086025934
ERR188353	DRB1	0.38130835606489255
ERR188354	A	0.4407978257819306
ERR188354	B	0.4957192116891127
ERR188354	C	0.4991439353320505
ERR188354	DPA1	0.48068655023168744
ERR188354	DPB1	0.4955182002758941
ERR188354	DQA1	0.47793162715440535
ERR188354	DQB1	0.43313293278978315
ERR188354	DRA	0.45557905869758375
ERR188354	DRB1	0.44810065777320934
ERR188355	A	0.46720748088972835
ERR188355	B	0.4473356186128303
ERR188355	C	0.3113835642807083
ERR188355	DPB1	0.4469266857948011
ERR188356	A	0.47182434526832134
ERR188356	B	0.4721327465139095
ERR188356	C	0.4318344305001953
ERR188356	DPA1	0.48289361513297563
ERR188356	DPB1	0.3796380374083162
ERR188356	DQA1	0.39397813929145836
ERR188356	DQB1	0.3982597943240196
ERR188356	DRA	0.48845825673808735
ERR188356	DRB1	0.42591619439386824
ERR188357	A	0.48935721518879405
ERR188357	B	0.49011070918174127
ERR188357	C	0.3565802287556587
ERR188357	DPA1	0.4284176588751499
ERR188357	DPB1	0.3926786568835117
ERR188357	DQA1	0.4708490406148783
ERR188357	DQB1	0.3056703355956902
ERR188357	DRA	0.49911501364065936
ERR188357	DRB1	0.40865267340877554
ERR188358	A	0.4123856142853804
ERR188358	B	0.4697211417708448
ERR188358	C	0.4408832430398815
ERR188358	DPB1	0.44884229574273166
ERR188358	DQA1	0.26302341608003416
ERR188358	DQB1	0.4367605741998918
ERR188358	DRB1	0.4882967973639188
ERR188360	A	0.43522981233582353
ERR188360	B	0.49543833677174365
ERR188360	DPA1	0.466763066295667
ERR188360	DPB1	0.3994982464905536
ERR188360	DQA1	0.48475173563509355
ERR188360	DQB1	0.2953247658863288
ERR188360	DRB1	0.3966522174062623
ERR188361	A	0.4492567541971105
ERR188361	B	0.45287577148270725
ERR188361	C	0.4898256771857081
ERR188361	DQA1	0.49593123384095583
ERR188361	DQB1	0.32875171858581903
ERR188361	DRB1	0.4287435907060919
ERR188362	A	0.49737839643095094
ERR188362	B	0.4780453879992693
ERR188362	C	0.4101061737193893
ERR188362	DPB1	0.40711530032190624
ERR188366	A	0.4547612429788665
ERR188366	B	0.49341923892939005
ERR188366	C	0.4969840896599902
ERR188366	DPB1	0.38896295475825304
ERR188366	DRB1	0.4981630504684077
ERR188368	A	0.4516342547260454
ERR188368	B	0.4970888940124078
ERR188368	C	0.411635127671655
ERR188368	DPA1	0.47410900135282213
ERR188368	DPB1	0.45416087203332217
ERR188368	DQA1	0.39151442830319694
ERR188368	DQB1	0.4303993377848654
ERR188368	DRA	0.47162828559725495
ERR188368	DRB1	0.33643873512720424
ERR188369	A	0.45801507179004686
ERR188369	B	0.4533818750539769
ERR188369	C	0.475887765798422
ERR188369	DPA1	0.4751079027600199
ERR188369	DPB1	0.38520238352280184
ERR188369	DQA1	0.45989826812536144
ERR188369	DQB1	0.45287989773131804
ERR188369	DRA	0.4610854660176484
ERR188369	DRB1	0.3285174941759263
ERR188370	B	0.47864078421894485
ERR188370	C	0.455669926237609
ERR188370	DPB1	0.40373252133877024
ERR188370	DQA1	0.46745519718211453
ERR188370	DQB1	0.4511444580285391
ERR188370	DRA	0.4700427287459985
ERR188370	DRB1	0.4497912637235837
ERR188371	B	0.4672183230808998
ERR188371	C	0.44652900470545404
ERR188371	DPA1	0.31385060456717195
ERR188371	DPB1	0.4987305455838917
ERR188371	DQA1	0.1696594509051261
ERR188371	DQB1	0.45258763223714255
ERR188371	DRB1	0.404024357523535
ERR188372	A	0.4710017793408069
ERR188372	B	0.46251466065329994
ERR188372	DPB1	0.47788024101401505
ERR188372	DQA1	0.41827713614144546
ERR188372	DQB1	0.2984730203493422
ERR188372	DRA	0.4894814547459689
ERR188372	DRB1	0.2839736779153708
ERR188374	A	0.4486413950490265
ERR188374	B	0.4655240884518932
ERR188374	C	0.4456663873516639
ERR188374	DPA1	0.4722268016393185
ERR188374	DPB1	0.37962369354678355
ERR188374	DQA1	0.49614668507823717
ERR188374	DQB1	0.41264193069280986
ERR188374	DRB1	0.48800847905969474
ERR188376	A	0.40023146341530863
ERR188376	B	0.4507865138360041
ERR188376	C	0.45748422942993894
ERR188376	DPB1	0.3895539053206892
ERR188376	DQA1	0.4527091272536964
ERR188376	DQB1	0.4202814049518359
ERR188376	DRB1	0.47340858801869523
ERR188377	A	0.42855736105732867
ERR188377	B	0.44988207006880637
ERR188377	C	0.37236960501599664
ERR188377	DPB1	0.3727700416879786
ERR188377	DQA1	0.42225679461355464
ERR188377	DQB1	0.49726916494205997
ERR188377	DRA	0.4845869170998912
ERR188377	DRB1	0.44804786202875774
ERR188378	A	0.40723966721259564
ERR188378	B	0.42018208293594156
ERR188378	C	0.4105524353600024
ERR188378	DPB1	0.4743667971064182
ERR188378	DQA1	0.39758481574034704
ERR188378	DQB1	0.34921659809048766
ERR188378	DRB1	0.463361014529371
ERR188379	A	0.4286933325068675
ERR188379	B	0.375670608517353
ERR188379	C	0.44127453295361174
ERR188379	DPB1	0.42817266514161095
ERR188379	DQA1	0.4251002363380777
ERR188379	DQB1	0.4404064546843803
ERR188379	DRA	0.4798158715010156
ERR188379	DRB1	0.4559108878662031
ERR188380	A	0.43210830619785645
ERR188380	B	0.4688735588711506
ERR188380	C	0.4020185769744407
ERR188380	DPB1	0.3802527441994747
ERR188380	DQA1	0.44706805503001584
ERR188380	DQB1	0.481549944662305
ERR188380	DRB1	0.3811613730961433
ERR188381	A	0.43944075757369916
ERR188381	B	0.4591502618387659
ERR188381	C	0.4090679759199491
ERR188381	DPB1	0.40227626903021413
ERR188381	DQA1	0.4257780825900349
ERR188381	DQB1	0.450777615781636
ERR188381	DRA	0.4383125365561691
ERR188381	DRB1	0.4307647708313566
ERR188382	A	0.40661521258412237
ERR188382	B	0.48323980815800766
ERR188382	C	0.4758016425760375
ERR188382	DPB1	0.45411396635989515
ERR188382	DQA1	0.37400918224440066
ERR188382	DQB1	0.38914077171487643
ERR188382	DRA	0.48909051215048527
ERR188382	DRB1	0.45545908148638037
ERR188383	B	0.45725148130613436
ERR188383	C	0.4642618421591506
ERR188383	DQA1	0.320314384994987
ERR188383	DQB1	0.4943156737119382
ERR188383	DRB1	0.4504098330641132
ERR188384	A	0.49566265444495006
ERR188384	B	0.4804144690081831
ERR188384	DPB1	0.41418298230213835
ERR188384	DQA1	0.3546807609241952
ERR188384	DQB1	0.4815808705992696
ERR188384	DRB1	0.4846373803112021
ERR188385	A	0.4368605945056584
ERR188385	B	0.42925942054361127
ERR188385	C	0.4357758571834776
ERR188385	DPB1	0.48935105201194296
ERR188385	DQA1	0.46203541740601084
ERR188385	DQB1	0.4746434739015669
ERR188385	DRA	0.44319243957785454
ERR188385	DRB1	0.4503024549365083
ERR188386	A	0.4795426919592952
ERR188386	B	0.46552719856741626
ERR188386	C	0.4959836632334014
ERR188386	DPB1	0.4357322726987335
ERR188386	DQA1	0.48905709716675
ERR188386	DQB1	0.3819459768384945
ERR188386	DRB1	0.3966567889633708
ERR188387	A	0.45893535048931505
ERR188387	B	0.44728453897861903
ERR188387	C	0.49449275984268043
ERR188387	DPB1	0.41416009865581294
ERR188387	DQA1	0.4756188428045987
ERR188387	DQB1	0.4888163467204317
ERR188387	DRA	0.46796814821305993
ERR188387	DRB1	0.4302763071300758
ERR188388	A	0.49896314058562385
ERR188388	B	0.47195054531963654
ERR188388	C	0.4929128977751812
ERR188388	DPA1	0.4233463241694254
ERR188388	DPB1	0.42793745246988235
ERR188388	DQA1	0.3816504442830237
ERR188388	DQB1	0.4783316729077823
ERR188388	DRB1	0.4486576143960873
ERR188389	A	0.46842808246738094
ERR188389	B	0.4761448841106061
ERR188389	C	0.48686745983890733
ERR188389	DPB1	0.43047209251930274
ERR188389	DQA1	0.40152315486289425
ERR188389	DQB1	0.49789250212853137
ERR188389	DRA	0.48034857951180693
ERR188389	DRB1	0.4473308289244459
ERR188391	A	0.41353265300520475
ERR188391	B	0.47938354363191216
ERR188391	C	0.33300475325597795
ERR188391	DRB1	0.49357429358935434
ERR188393	A	0.4131047308889902
ERR188393	B	0.4791965379161525
ERR188393	C	0.38085872877327276
ERR188393	DQA1	0.4947526886568782
ERR188393	DQB1	0.4243577076598826
ERR188393	DRB1	0.4714766961949715
ERR188394	A	0.4957858686175738
ERR188394	B	0.44898993989128405
ERR188394	C	0.48326221394455365
ERR188394	DPA1	0.4651811640197298
ERR188394	DPB1	0.44976532309282524
ERR188394	DQA1	0.3677864716002628
ERR188394	DQB1	0.4161853837759884
ERR188394	DRA	0.4831896247189389
ERR188394	DRB1	0.36085002153346024
ERR188395	A	0.4942834048933344
ERR188395	B	0.48825357645310874
ERR188395	C	0.4749744482569531
ERR188395	DPB1	0.41987458838712594
ERR188395	DQA1	0.3798640222635256
ERR188395	DQB1	0.4738592510882743
ERR188395	DRB1	0.3509427023523575
ERR188396	B	0.471907690085189
ERR188396	C	0.43629678699167673
ERR188396	DQA1	0.3836841966352098
ERR188396	DQB1	0.4724886076328129
ERR188396	DRA	0.47288630797856174
ERR188396	DRB1	0.45841804950147014
ERR188397	A	0.4206745884319246
ERR188397	B	0.4817589908511594
ERR188397	C	0.4406978236783352
ERR188397	DPB1	0.3314649892003819
ERR188397	DQA1	0.40472737904939965
ERR188397	DQB1	0.424839508755658
ERR188397	DRA	0.48575915590140506
ERR188397	DRB1	0.28476153939797516
ERR188398	A	0.4850743528501143
ERR188398	B	0.4808790899887355
ERR188398	C	0.4376106594162173
ERR188398	DQA1	0.347559618604407
ERR188398	DQB1	0.4430082960850463
ERR188398	DRB1	0.3894471163056232
ERR188399	B	0.49306029010649055
ERR188399	C	0.37133719555647676
ERR188399	DPB1	0.4295385335547268
ERR188399	DQA1	0.47449346735791187
ERR188399	DQB1	0.41437178543754505
ERR188399	DRA	0.4539899600127588
ERR188399	DRB1	0.47868157912673737
ERR188400	A	0.4712896412282888
ERR188400	B	0.4554636271465986
ERR188400	C	0.49308256091058894
ERR188400	DPB1	0.41177454805442626
ERR188400	DQA1	0.4176562946495309
ERR188400	DQB1	0.3458751160157854
ERR188400	DRA	0.4982343968773636
ERR188400	DRB1	0.46798591441856424
ERR188401	A	0.49597634329259593
ERR188401	B	0.36528098313879115
ERR188401	C	0.2917406109011751
ERR188401	DQA1	0.346283992795414
ERR188401	DQB1	0.4722895070975025
ERR188401	DRB1	0.43452877112037763
ERR188402	A	0.4349723419474206
ERR188402	B	0.4367305795216752
ERR188402	C	0.49157986293394157
ERR188402	DPB1	0.4295335537719873
ERR188402	DQA1	0.4388027911016763
ERR188402	DQB1	0.386558135512312
ERR188402	DRA	0.47323553984400896
ERR188402	DRB1	0.369533366484149
ERR188403	A	0.42071297342538405
ERR188403	B	0.44741869869674383
ERR188403	DPA1	0.46457956444834336
ERR188403	DPB1	0.4107345982379732
ERR188403	DQA1	0.4540844856786739
ERR188403	DQB1	0.4136863113493873
ERR188403	DRA	0.4881359729848615
ERR188403	DRB1	0.37847017595668037
ERR188404	A	0.48085570275103545
ERR188404	B	0.4746082928111455
ERR188404	C	0.37790833595425666
ERR188404	DPB1	0.42337248803691513
ERR188404	DQA1	0.31732463738411265
ERR188404	DQB1	0.40451092352302226
ERR188404	DRA	0.4937150753044304
ERR188404	DRB1	0.3316997895726451
ERR188405	B	0.3790135136957668
ERR188405	C	0.42916319253727253
ERR188405	DPB1	0.477250501165297
ERR188405	DQA1	0.3544184592366653
ERR188405	DQB1	0.4900138369137496
ERR188405	DRB1	0.35613360215230694
ERR188406	B	0.4619692175132136
ERR188406	C	0.43411324159330655
ERR188406	DPB1	0.45569394420772513
ERR188406	DQA1	0.44217894974900435
ERR188406	DQB1	0.40981961865970556
ERR188406	DRB1	0.37835758633905037
ERR188407	A	0.4692319540813311
ERR188407	B	0.4722996798042105
ERR188407	C	0.3876520047794093
ERR188407	DPB1	0.4156148416190594
ERR188407	DQA1	0.3724035795435475
ERR188407	DQB1	0.3896839711611672
ERR188407	DRB1	0.42043764018700097
ERR188408	A	0.4392870614878468
ERR188408	B	0.47510597517361325
ERR188408	C	0.40626604044750947
ERR188408	DPA1	0.3943047459423359
ERR188408	DPB1	0.4273395617216878
ERR188408	DQA1	0.4991949012773647
ERR188408	DQB1	0.4388195461492704
ERR188408	DRA	0.46535976263189544
ERR188408	DRB1	0.3822639863754619
ERR188410	A	0.4792513150972228
ERR188410	B	0.4833991903978961
ERR188410	C	0.4451608149456039
ERR188410	DPA1	0.4893464710404113
ERR188410	DPB1	0.45395943285212126
ERR188410	DQA1	0.4267717629394989
ERR188410	DQB1	0.4043080047414307
ERR188410	DRB1	0.4243246022714701
ERR188411	A	0.4589610767026916
ERR188411	B	0.49188649972189163
ERR188411	C	0.48082275409692815
ERR188411	DPB1	0.46134873692223055
ERR188411	DQA1	0.3672042784997893
ERR188411	DQB1	0.4930960886280974
ERR188411	DRA	0.4912498458056278
ERR188411	DRB1	0.41228144198815586
ERR188412	A	0.43907151499425845
ERR188412	B	0.4608813501151866
ERR188412	C	0.42396943532423165
ERR188412	DQA1	0.4519219707878179
ERR188412	DQB1	0.3901007620698122
ERR188412	DRB1	0.49665228619589874
ERR188413	A	0.4790374876124308
ERR188413	B	0.4973982955123272
ERR188413	C	0.49690429761642224
ERR188413	DPB1	0.44911954640767987
ERR188413	DQA1	0.28859968289830995
ERR188413	DQB1	0.3881102502324516
ERR188413	DRB1	0.37985708108150923
ERR188414	A	0.47598897845453686
ERR188414	B	0.4851103540347845
ERR188414	C	0.4051694169399628
ERR188414	DPB1	0.4044032864468584
ERR188414	DQA1	0.3052151930197421
ERR188414	DQB1	0.4653848105865314
ERR188414	DRB1	0.4098530486869249
ERR188415	A	0.4907233730665776
ERR188415	B	0.48161916733552024
ERR188415	C	0.36549895216288053
ERR188415	DQA1	0.47408417567026107
ERR188415	DQB1	0.4846048418466478
ERR188415	DRA	0.4772366821427038
ERR188415	DRB1	0.48262237360491284
ERR188416	B	0.4939973479586999
ERR188416	DPB1	0.38023158468102536
ERR188416	DQA1	0.4222384596476651
ERR188416	DQB1	0.483610034845807
ERR188416	DRA	0.48539260335756856
ERR188416	DRB1	0.3563698709262386
ERR188417	B	0.46010203845426406
ERR188417	C	0.4246300895106404
ERR188417	DPA1	0.4288740060213978
ERR188417	DPB1	0.41689739387404384
ERR188417	DQA1	0.496873620520496
ERR188417	DQB1	0.32859417191477447
ERR188417	DRB1	0.4611820189554188
ERR188418	B	0.4196580483230211
ERR188418	C	0.4273335124089264
ERR188418	DQA1	0.42109478693187835
ERR188418	DQB1	0.4428062910903356
ERR188418	DRA	0.4977932067116602
ERR188418	DRB1	0.44491401939741837
ERR188419	A	0.47263362932373554
ERR188419	B	0.4495166137970943
ERR188419	C	0.43855550081090267
ERR188419	DPA1	0.48019606532209497
ERR188419	DPB1	0.4567128715699596
ERR188419	DQA1	0.40177541168935765
ERR188419	DQB1	0.2883398689248673
ERR188419	DRA	0.4974979920904362
ERR188419	DRB1	0.47780412471205946
ERR188420	A	0.40395931290472004
ERR188420	B	0.465977466673657
ERR188420	C	0.4761630525599532
ERR188420	DPB1	0.41889373031415833
ERR188420	DQA1	0.4856733688736898
ERR188420	DQB1	0.4952239800924343
ERR188420	DRA	0.49603457635276993
ERR188420	DRB1	0.3751796704066385
ERR188424	A	0.39449065638219644
ERR188424	B	0.4690181937668483
ERR188424	C	0.4083950731677382
ERR188424	DQA1	0.38595113656951585
ERR188424	DQB1	0.4416761960558699
ERR188424	DRB1	0.34416987928078807
ERR188425	A	0.3974159037164072
ERR188425	B	0.48103621448179307
ERR188425	C	0.4470127431007083
ERR188425	DQA1	0.33460139075614226
ERR188425	DQB1	0.42526284383527285
ERR188425	DRA	0.4812134597126229
ERR188425	DRB1	0.3484281492655558
ERR188426	A	0.41942157510802647
ERR188426	B	0.4778122342495875
ERR188426	C	0.43150497924489906
ERR188426	DPB1	0.41200605958963515
ERR188426	DQA1	0.4922364299481246
ERR188426	DQB1	0.4144595635507159
ERR188426	DRB1	0.49907373764629065
ERR188428	A	0.4259678935098104
ERR188428	B	0.4415188119220159
ERR188428	C	0.43337502796084204
ERR188428	DPA1	0.4540541932828669
ERR188428	DPB1	0.39614700740993597
ERR188428	DQA1	0.4311770608344137
ERR188428	DQB1	0.3474829975401351
ERR188428	DRA	0.492669652165357
ERR188428	DRB1	0.4882080059254467
ERR188429	B	0.45555142903735607
ERR188429	C	0.45970556480753755
ERR188429	DQA1	0.359121187194404
ERR188429	DQB1	0.4921588496813462
ERR188429	DRA	0.47191014256421826
ERR188429	DRB1	0.349617551290741
ERR188430	A	0.46649966211522403
ERR188430	B	0.4643407706459666
ERR188430	C	0.3599560887300272
ERR188430	DQA1	0.3260252268983156
ERR188430	DQB1	0.42505784103974015
ERR188430	DRB1	0.38448543930459167
ERR188431	A	0.43916869850762924
ERR188431	B	0.44837244299827517
ERR188431	C	0.3361058809230863
ERR188431	DPB1	0.47488886449760936
ERR188431	DRB1	0.48315206284048196
ERR188432	A	0.44812639613922606
ERR188432	B	0.481207091832218
ERR188432	C	0.38161745738508224
ERR188432	DPB1	0.49433725319904315
ERR188432	DQA1	0.3278875927937432
ERR188432	DQB1	0.4646677069891102
ERR188432	DRB1	0.4190783591896298
ERR188433	B	0.47285468937076636
ERR188433	C	0.48449062362092943
ERR188433	DQA1	0.4709471662118834
ERR188433	DQB1	0.41749096756370885
ERR188435	DPA1	0.4773037803230661
ERR188435	DPB1	0.4111657770500652
ERR188435	DQA1	0.48328487480868165
ERR188435	DQB1	0.4454849011398541
ERR188435	DRA	0.4925674730268807
ERR188435	DRB1	0.47454080238587315
ERR188436	A	0.4962713939143029
ERR188436	B	0.4870815564990894
ERR188436	C	0.45500902326970266
ERR188436	DPB1	0.37418499738998523
ERR188436	DQA1	0.4406397129906369
ERR188436	DQB1	0.4220488433686717
ERR188436	DRB1	0.4644453581137035
ERR188437	A	0.4913942883966056
ERR188437	B	0.4753061159982807
ERR188437	C	0.46522118299953463
ERR188437	DPB1	0.4821320644747539
ERR188437	DQA1	0.48206590137430216
ERR188437	DQB1	0.4431581008900214
ERR188437	DRB1	0.48741481912501544
ERR188438	A	0.48739683012497215
ERR188438	DPB1	0.3895824676319952
ERR188438	DQA1	0.48119288958164735
ERR188438	DQB1	0.49425531705098663
ERR188438	DRB1	0.39395179129863117
ERR188439	A	0.47795502848170474
ERR188439	B	0.49420570417216436
ERR188439	C	0.42059089690479223
ERR188439	DPB1	0.4579311993852416
ERR188439	DQA1	0.4467647055317211
ERR188439	DQB1	0.4784678874224256
ERR188439	DRB1	0.4448058057765169
ERR188441	A	0.4456258942255986
ERR188441	B	0.4487959957381457
ERR188441	C	0.42583357487308954
ERR188441	DQA1	0.4235104796008612
ERR188441	DQB1	0.37973086302061126
ERR188441	DRA	0.49237722660235084
ERR188441	DRB1	0.48202832762102843
ERR188443	A	0.46951000535623494
ERR188443	B	0.4908262283095774
ERR188443	C	0.45014848854023354
ERR188443	DPB1	0.4656519540219867
ERR188443	DQA1	0.35312951270558024
ERR188443	DQB1	0.3964162092986746
ERR188443	DRB1	0.4334911950041574
ERR188445	A	0.4991472635470339
ERR188445	B	0.49386292568886175
ERR188445	C	0.4826002585377578
ERR188445	DPB1	0.4679355668270136
ERR188445	DQA1	0.48938143147355034
ERR188445	DQB1	0.36346215578315866
ERR188445	DRA	0.47097159802351013
ERR188445	DRB1	0.30755944329977375
ERR188446	A	0.44268175985456665
ERR188446	B	0.4855845213109988
ERR188446	C	0.4726558185223081
ERR188446	DPB1	0.43905134804953505
ERR188446	DQA1	0.42600323420297476
ERR188446	DQB1	0.4629276591305943
ERR188446	DRA	0.4697195711210951
ERR188446	DRB1	0.45516531643235664
ERR188448	A	0.4980995484296165
ERR188448	B	0.4452546789252196
ERR188448	C	0.4412002096561678
ERR188448	DPB1	0.4529472195706568
ERR188448	DQA1	0.36478726172367004
ERR188448	DQB1	0.35440311912601946
ERR188448	DRB1	0.4948080065907067
ERR188450	A	0.46431413043840275
ERR188450	B	0.45492934693401266
ERR188450	C	0.49039055954327243
ERR188450	DPB1	0.4180080438730086
ERR188450	DQA1	0.47825799156745935
ERR188450	DQB1	0.4572295782254209
ERR188450	DRB1	0.46307963606001445
ERR188452	A	0.42621308993422263
ERR188452	B	0.44106898642706205
ERR188452	C	0.497036551235812
ERR188452	DPB1	0.4256750102120454
ERR188452	DQB1	0.47814310882021943
ERR188452	DRA	0.4763797473374454
ERR188452	DRB1	0.36666702104249366
ERR188453	A	0.35237487601819145
ERR188453	B	0.4846284774930256
ERR188453	DPA1	0.45494693392399244
ERR188453	DPB1	0.4158730016986054
ERR188453	DQB1	0.22748251835660235
ERR188453	DRA	0.49149675939364107
ERR188455	A	0.4667528570429051
ERR188455	B	0.4418271671402122
ERR188455	C	0.43355729301750917
ERR188455	DPB1	0.4484360052584839
ERR188455	DQA1	0.48554852784596686
ERR188455	DQB1	0.2659938992383838
ERR188455	DRA	0.46147880739215136
ERR188455	DRB1	0.3337073447809644
ERR188457	A	0.48133627045596455
ERR188457	B	0.3696286475176614
ERR188457	C	0.4073264071350502
ERR188457	DPA1	0.42877796487966024
ERR188457	DPB1	0.3665602699230036
ERR188457	DQA1	0.4213574770118468
ERR188457	DQB1	0.38705034147364614
ERR188457	DRB1	0.3483654821136224
ERR188458	A	0.4678658240765024
ERR188458	B	0.4723424802938161
ERR188458	C	0.37898618868533945
ERR188458	DQA1	0.3450919866074346
ERR188458	DQB1	0.499309196768931
ERR188458	DRB1	0.3574571096119663
ERR188461	A	0.48464244590255406
ERR188461	B	0.461404157877607
ERR188461	C	0.4899671030300049
ERR188461	DPA1	0.44158068453955357
ERR188461	DPB1	0.46762527187534886
ERR188461	DQA1	0.3197169486198664
ERR188461	DQB1	0.4421158798554824
ERR188461	DRB1	0.4434988167360441
ERR188462	A	0.43447827230423486
ERR188462	B	0.4509313423662268
ERR188462	C	0.42399251084040823
ERR188462	DPB1	0.47724225206617016
ERR188462	DQA1	0.3615741050641459
ERR188462	DQB1	0.34608391405608036
ERR188462	DRB1	0.42638305225693957
ERR188464	A	0.42574974771170065
ERR188464	B	0.4906619162263282
ERR188464	C	0.47108050543055896
ERR188464	DPB1	0.40601078508268734
ERR188464	DQA1	0.438977307807019
ERR188464	DQB1	0.42752436710349057
ERR188464	DRB1	0.4354632907104769
ERR188465	A	0.4534945917894493
ERR188465	B	0.4640706752770677
ERR188465	C	0.4429169303247065
ERR188465	DPB1	0.4035146403503354
ERR188465	DQA1	0.497385465975087
ERR188465	DQB1	0.4527361634536256
ERR188465	DRB1	0.4886604689668128
ERR188466	A	0.4528702593388226
ERR188466	B	0.4533629942414722
ERR188466	DQA1	0.42625525308407525
ERR188466	DQB1	0.34959556030483324
ERR188466	DRA	0.49871560172374574
ERR188466	DRB1	0.4416169559107692
ERR188467	A	0.4411492374484711
ERR188467	B	0.4995951362828474
ERR188467	DPA1	0.48736581769490794
ERR188467	DPB1	0.39505940932273037
ERR188467	DQB1	0.47512133309281546
ERR188467	DRA	0.498944225232778
ERR188468	A	0.45404165529095636
ERR188468	B	0.49268984030534146
ERR188468	C	0.3909343219062608
ERR188468	DPA1	0.4526467250328652
ERR188468	DPB1	0.43038360510389007
ERR188468	DQA1	0.3240180208040811
ERR188468	DQB1	0.41828949797363824
ERR188468	DRB1	0.40361271975898794
ERR188469	A	0.4436590142653274
ERR188469	C	0.4492571106750487
ERR188469	DPB1	0.4579705002431007
ERR188469	DQA1	0.4281098298899412
ERR188469	DQB1	0.4279315279102999
ERR188469	DRA	0.4574594757823871
ERR188469	DRB1	0.456140160339489
ERR188470	A	0.43955739651955106
ERR188470	B	0.42757338558693164
ERR188470	C	0.48111702380545973
ERR188472	A	0.43240895320904227
ERR188472	B	0.49590634032809366
ERR188472	C	0.35373749811227373
ERR188472	DPB1	0.413372692228171
ERR188472	DQA1	0.40180455266831727
ERR188472	DQB1	0.4671323923772689
ERR188472	DRA	0.48243247503956305
ERR188472	DRB1	0.46477955077399
ERR188473	A	0.4660870890972027
ERR188473	DPA1	0.3561625913180101
ERR188473	DPB1	0.44394621073540164
ERR188474	A	0.4736782559891947
ERR188474	B	0.49200965380601397
ERR188474	C	0.40427465276886115
ERR188474	DPB1	0.46504152356064316
ERR188474	DQA1	0.35580965996702824
ERR188474	DQB1	0.4950165910139058
ERR188474	DRA	0.49172884925014537
ERR188474	DRB1	0.32995553711810666
ERR188475	A	0.4701662953261571
ERR188475	B	0.4853388005141688
ERR188475	C	0.3471954521326768
ERR188475	DPA1	0.4598100559223924
ERR188475	DPB1	0.42434660383420675
ERR188475	DQA1	0.42157103879338526
ERR188475	DQB1	0.4013601494666372
ERR188475	DRB1	0.43084454460900373
ERR188477	B	0.4872396938549912
ERR188477	C	0.47642603326539973
ERR188477	DPA1	0.361003372174795
ERR188477	DPB1	0.4815283425718332
ERR188478	A	0.44715720696570327
ERR188478	B	0.4453204113030444
ERR188478	C	0.47476476535572487
ERR188478	DQA1	0.4740317884311847
ERR188478	DQB1	0.33573178532096293
ERR188478	DRB1	0.45223380020319626
ERR188479	A	0.4891756419070099
ERR188479	B	0.4841445376267801
ERR188479	C	0.49168417688361693
ERR188479	DPA1	0.41479825288391464
ERR188479	DPB1	0.3670365724331837
ERR188479	DQA1	0.4147959641116288
ERR188479	DQB1	0.43060837466049756
ERR188479	DRA	0.4737299392365071
ERR188479	DRB1	0.4747270136610293
ERR188480	A	0.40830822599319033
ERR188480	B	0.46985855798909043
ERR188480	C	0.49982901642166583
ERR188480	DPB1	0.39071244466987753
ERR188480	DQA1	0.34336664377045883
ERR188480	DQB1	0.373892272047385
ERR188480	DRB1	0.41664435754589446
ERR188481	B	0.4268793851166696
ERR188481	C	0.4586729380197835
ERR188481	DPB1	0.3516417641951283
ERR188481	DQA1	0.40848673391437923
ERR188481	DQB1	0.4976645496696574
ERR188481	DRA	0.4950521495182597
ERR188481	DRB1	0.36923030659769895
ERR188482	DPB1	0.44859744370112054
