subject	locus	allele.x	allele.y	correct	f3.x	f3.y
HG00102	A	A*01:01:37	A*01:01:01:01	FALSE	A*01:01:37	A*01:01:01
HG00102	A	A*01:09:01	A*01:01:01:01	FALSE	A*01:09:01	A*01:01:01
HG00102	B	B*07:08:01	B*07:02:01:01	FALSE	B*07:08:01	B*07:02:01
HG00102	B	B*08:58	B*08:01:01:01	FALSE	B*08:58	B*08:01:01
HG00102	C	C*07:175	C*07:01:01:01	FALSE	C*07:175	C*07:01:01
HG00102	C	C*07:83	C*07:02:01:01/C*07:02:01:02/C*07:02:01:03/C*07:50/C*07:66/C*07:74	FALSE	C*07:83	C*07:02:01/C*07:50/C*07:66/C*07:74
HG00109	A	A*02:05:01	A*01:01:01:01/A*01:01:01:02N/A*01:04N/A*01:22N/A*01:32/A*01:01:38L/A*01:37	FALSE	A*02:05:01	A*01:01:01/A*01:04N/A*01:22N/A*01:32/A*01:01:38L/A*01:37
HG00109	A	A*02:05:01	A*02:05:01:01	TRUE	A*02:05:01	A*02:05:01
HG00261	DQB1	DQB1*05:03:01:03	DQB1*02:01:01/DQB1*02:02:01:01/DQB1*02:04	FALSE	DQB1*05:03:01	DQB1*02:01:01/DQB1*02:02:01/DQB1*02:04
HG00261	DQB1	DQB1*05:03:01:01	DQB1*05:03:01:01	TRUE	DQB1*05:03:01	DQB1*05:03:01
HG00327	C	C*05:29:01	C*05:01:01:01	FALSE	C*05:29:01	C*05:01:01
HG00327	C	C*05:29:01	C*07:01:01:01/C*07:01:02/C*07:01:09/C*07:06/C*07:18/C*07:52	FALSE	C*05:29:01	C*07:01:01/C*07:01:02/C*07:01:09/C*07:06/C*07:18/C*07:52
HG00360	A	A*02:01:01	A*02:01:01:01	TRUE	A*02:01:01	A*02:01:01
HG00360	A	A*02:01:01	A*24:02:01:01/A*24:02:01:02L/A*24:02:03Q/A*24:02:10/A*24:02:13/A*24:09N/A*24:11N/A*24:40N/A*24:76/A*24:79/A*24:83N	FALSE	A*02:01:01	A*24:02:01/A*24:02:03Q/A*24:02:10/A*24:02:13/A*24:09N/A*24:11N/A*24:40N/A*24:76/A*24:79/A*24:83N
NA07357	C	C*07:01:01	C*07:01	TRUE	C*07:01:01	C*07:01
NA07357	C	C*07:72	C*07:02	FALSE	C*07:72	C*07:02
NA11930	A	A*24:02:01	A*02:01	FALSE	A*24:02:01	A*02:01
NA11930	A	A*24:02:01	A*24:02	TRUE	A*24:02:01	A*24:02
NA11930	C	C*06:140	C*06:02:01:01	FALSE	C*06:140	C*06:02:01
NA11930	C	C*06:140	C*06:02:01:01/C*06:02:01:02/C*06:02:03	FALSE	C*06:140	C*06:02:01/C*06:02:03
NA11930	DQB1	DQB1*02:02:01	DQB1*02:01	FALSE	DQB1*02:02:01	DQB1*02:01
NA11930	DQB1	DQB1*06:02:01	DQB1*06:02	TRUE	DQB1*06:02:01	DQB1*06:02
NA12272	B	B*44:02:01:01	B*44:02	TRUE	B*44:02:01	B*44:02
NA12272	B	B*44:270	B*44:02	FALSE	B*44:270	B*44:02
NA20585	C	C*07:102	C*07:02:01:01	FALSE	C*07:102	C*07:02:01
NA20585	C	C*07:425	C*07:02:01:01/C*07:02:01:02/C*07:02:01:03/C*07:50/C*07:66/C*07:74	FALSE	C*07:425	C*07:02:01/C*07:50/C*07:66/C*07:74
NA20758	A	A*01:01:01	A*01:01:01:01	TRUE	A*01:01:01	A*01:01:01
NA20758	A	A*01:01:01	A*24:02:01:01/A*24:02:01:02L/A*24:02:03Q/A*24:02:10/A*24:02:13/A*24:09N/A*24:11N/A*24:40N/A*24:76/A*24:79/A*24:83N	FALSE	A*01:01:01	A*24:02:01/A*24:02:03Q/A*24:02:10/A*24:02:13/A*24:09N/A*24:11N/A*24:40N/A*24:76/A*24:79/A*24:83N
