subject	locus	hap	allele	mRNA	c_surface
66K00003	HLA-A	1	A*02:01	0.649	274
66K00003	HLA-A	2	A*68:01	0.649	274
66K00003	HLA-B	1	B*40:01	1.046	274
66K00003	HLA-B	2	B*40:01	1.046	274
66K00003	HLA-C	1	C*03:04:01	0.67	274
66K00003	HLA-C	2	C*03:04:01	0.67	274
66K00004	HLA-A	1	A*24:02	0.99	NA
66K00004	HLA-A	2	A*69:01	0.99	NA
66K00004	HLA-B	1	B*07:02	NA	NA
66K00004	HLA-B	2	B*27:05	NA	NA
66K00004	HLA-C	1	C*01:02	2.323	NA
66K00004	HLA-C	2	C*07:02	2.323	NA
66K00008	HLA-A	1	A*02:01:01	0.34	427
66K00008	HLA-A	2	A*33:01:01	0.34	427
66K00008	HLA-B	1	B*35:03:01	1.311	427
66K00008	HLA-B	2	B*51:05	1.311	427
66K00008	HLA-C	1	C*04:01:01	2.738	427
66K00008	HLA-C	2	C*04:01:01	2.738	427
66K00014	HLA-A	1	A*02:01	0.528	579
66K00014	HLA-A	2	A*02:05	0.528	579
66K00014	HLA-B	1	B*50:01	NA	579
66K00014	HLA-B	2	B*57:01	NA	579
66K00014	HLA-C	1	C*06:02	5.827	579
66K00014	HLA-C	2	C*06:02	5.827	579
66K00015	HLA-A	1	A*11:01	0.489	NA
66K00015	HLA-A	2	A*29:02	0.489	NA
66K00015	HLA-B	1	B*35:01	1.234	NA
66K00015	HLA-B	2	B*44:03:01	1.234	NA
66K00015	HLA-C	1	C*04:01	3.418	NA
66K00015	HLA-C	2	C*16:01	3.418	NA
66K00020	HLA-A	1	A*24:02	0.88	NA
66K00020	HLA-A	2	A*33:01	0.88	NA
66K00020	HLA-B	1	B*14:02	1.078	NA
66K00020	HLA-B	2	B*35:01	1.078	NA
66K00020	HLA-C	1	C*04:01	6.1	NA
66K00020	HLA-C	2	C*08:02	6.1	NA
66K00021	HLA-A	1	A*11:01	0.485	NA
66K00021	HLA-A	2	A*32:01	0.485	NA
66K00021	HLA-B	1	B*35:01	NA	NA
66K00021	HLA-B	2	B*51:01	NA	NA
66K00021	HLA-C	1	C*04:01	4.765	NA
66K00021	HLA-C	2	C*15:02	4.765	NA
66K00028	HLA-A	1	A*01:01	0.533	NA
66K00028	HLA-A	2	A*01:01	0.533	NA
66K00028	HLA-B	1	B*07:02:01	1.032	NA
66K00028	HLA-B	2	B*57:01	1.032	NA
66K00028	HLA-C	1	C*06:02	1.355	NA
66K00028	HLA-C	2	C*07:01	1.355	NA
66K00037	HLA-A	1	A*01:01	0.655	329
66K00037	HLA-A	2	A*11:01	0.655	329
66K00037	HLA-B	1	B*08:01	1.327	329
66K00037	HLA-B	2	B*35:01	1.327	329
66K00037	HLA-C	1	C*04:01	1.982	329
66K00037	HLA-C	2	C*07:01	1.982	329
66K00042	HLA-A	1	A*24:02	0.368	NA
66K00042	HLA-A	2	A*31:01	0.368	NA
66K00042	HLA-B	1	B*55:01	NA	NA
66K00042	HLA-B	2	B*57:01	NA	NA
66K00042	HLA-C	1	C*03:03	2.047	NA
66K00042	HLA-C	2	C*06:02	2.047	NA
66K00046	HLA-A	1	A*24:02	2.464	447
66K00046	HLA-A	2	A*24:02	2.464	447
66K00046	HLA-B	1	B*15:01	1.004	447
66K00046	HLA-B	2	B*40:01	1.004	447
66K00046	HLA-C	1	C*01:02	3.204	447
66K00046	HLA-C	2	C*03:04	3.204	447
66K00047	HLA-A	1	A*31:01:02	0.433	175
66K00047	HLA-A	2	A*68:02	0.433	175
66K00047	HLA-B	1	B*07:02	1.085	175
66K00047	HLA-B	2	B*40:01	1.085	175
66K00047	HLA-C	1	C*03:04	1.264	175
66K00047	HLA-C	2	C*07:02	1.264	175
66K00048	HLA-A	1	A*25:01	0.312	495
66K00048	HLA-A	2	A*33:01	0.312	495
66K00048	HLA-B	1	B*14:02	1.315	495
66K00048	HLA-B	2	B*39:01	1.315	495
66K00048	HLA-C	1	C*08:02	2.889	495
66K00048	HLA-C	2	C*12:03	2.889	495
66K00052	HLA-A	1	A*26:01	0.295	NA
66K00052	HLA-A	2	A*31:01	0.295	NA
66K00052	HLA-B	1	B*14:01	0.791	NA
66K00052	HLA-B	2	B*15:24	0.791	NA
66K00052	HLA-C	1	C*03:03	1.814	NA
66K00052	HLA-C	2	C*08:02	1.814	NA
66K00055	HLA-A	1	A*26:01	0.55	NA
66K00055	HLA-A	2	A*30:01	0.55	NA
66K00055	HLA-B	1	B*13:02	1.519	NA
66K00055	HLA-B	2	B*49:01	1.519	NA
66K00055	HLA-C	1	C*06:02	1.947	NA
66K00055	HLA-C	2	C*07:01	1.947	NA
66K00058	HLA-A	1	A*01:01	0.658	382
66K00058	HLA-A	2	A*25:01	0.658	382
66K00058	HLA-B	1	B*08:01	1.151	382
66K00058	HLA-B	2	B*18:01	1.151	382
66K00058	HLA-C	1	C*07:01	1.701	382
66K00058	HLA-C	2	C*12:03	1.701	382
66K00059	HLA-A	1	A*02:01:01	0.325	193
66K00059	HLA-A	2	A*68:01:02	0.325	193
66K00059	HLA-B	1	B*44:02:01	0.834	193
66K00059	HLA-B	2	B*44:02:01	0.834	193
66K00059	HLA-C	1	C*07:04:01	2.088	193
66K00059	HLA-C	2	C*07:04:01	2.088	193
66K00067	HLA-A	1	A*02:01	0.284	277
66K00067	HLA-A	2	A*03:01:01	0.284	277
66K00067	HLA-B	1	B*15:01:01	1.226	277
66K00067	HLA-B	2	B*35:01	1.226	277
66K00067	HLA-C	1	C*04:01:01	2.644	277
66K00067	HLA-C	2	C*04:01:01	2.644	277
66K00069	HLA-A	1	A*01:01	0.764	NA
66K00069	HLA-A	2	A*02:01	0.764	NA
66K00069	HLA-B	1	B*07:02	1.037	NA
66K00069	HLA-B	2	B*08:01	1.037	NA
66K00069	HLA-C	1	C*07:01	2.448	NA
66K00069	HLA-C	2	C*07:02:01	2.448	NA
66K00070	HLA-A	1	A*02:01	0.576	NA
66K00070	HLA-A	2	A*25:01	0.576	NA
66K00070	HLA-B	1	B*18:01	0.995	NA
66K00070	HLA-B	2	B*40:01	0.995	NA
66K00070	HLA-C	1	C*03:04	1.957	NA
66K00070	HLA-C	2	C*12:03	1.957	NA
66K00073	HLA-A	1	A*01:01	0.615	NA
66K00073	HLA-A	2	A*02:01	0.615	NA
66K00073	HLA-B	1	B*08:01	0.995	NA
66K00073	HLA-B	2	B*44:02	0.995	NA
66K00073	HLA-C	1	C*05:01	2.124	NA
66K00073	HLA-C	2	C*07:01	2.124	NA
66K00075	HLA-A	1	A*29:02	0.518	307
66K00075	HLA-A	2	A*30:01	0.518	307
66K00075	HLA-B	1	B*13:02	1.219	307
66K00075	HLA-B	2	B*44:03:01	1.219	307
66K00075	HLA-C	1	C*06:02	2.732	307
66K00075	HLA-C	2	C*16:01	2.732	307
66K00078	HLA-A	1	A*01:01	1.467	453
66K00078	HLA-A	2	A*24:02	1.467	453
66K00078	HLA-B	1	B*18:01	1.177	453
66K00078	HLA-B	2	B*35:01	1.177	453
66K00078	HLA-C	1	C*04:01	5.034	453
66K00078	HLA-C	2	C*06:02	5.034	453
66K00082	HLA-A	1	A*02:01	0.542	NA
66K00082	HLA-A	2	A*02:01	0.542	NA
66K00082	HLA-B	1	B*44:02	NA	NA
66K00082	HLA-B	2	B*44:02	NA	NA
66K00082	HLA-C	1	C*05:01	3.927	NA
66K00082	HLA-C	2	C*05:01	3.927	NA
66K00091	HLA-A	1	A*02:01:01	0.637	435
66K00091	HLA-A	2	A*68:02	0.637	435
66K00091	HLA-B	1	B*14:02	1.084	435
66K00091	HLA-B	2	B*44:02	1.084	435
66K00091	HLA-C	1	C*05:01	3.752	435
66K00091	HLA-C	2	C*08:02	3.752	435
66K00096	HLA-A	1	A*01:01	0.994	427
66K00096	HLA-A	2	A*01:01	0.994	427
66K00096	HLA-B	1	B*08:01	1.216	427
66K00096	HLA-B	2	B*13:02	1.216	427
66K00096	HLA-C	1	C*06:02	2.811	427
66K00096	HLA-C	2	C*07:01	2.811	427
66K00097	HLA-A	1	A*02:01	0.734	397
66K00097	HLA-A	2	A*25:01	0.734	397
66K00097	HLA-B	1	B*40:01	NA	397
66K00097	HLA-B	2	B*40:01	NA	397
66K00097	HLA-C	1	C*03:04:01	1.083	397
66K00097	HLA-C	2	C*03:04:01	1.083	397
66K00100	HLA-A	1	A*02:01	0.507	362
66K00100	HLA-A	2	A*02:01	0.507	362
66K00100	HLA-B	1	B*15:01	0.925	362
66K00100	HLA-B	2	B*49:01	0.925	362
66K00100	HLA-C	1	C*03:03	0.904	362
66K00100	HLA-C	2	C*07:01	0.904	362
66K00110	HLA-A	1	A*02:01:01	0.533	544
66K00110	HLA-A	2	A*26:01:01	0.533	544
66K00110	HLA-B	1	B*13:02:01	1.053	544
66K00110	HLA-B	2	B*27:05:02	1.053	544
66K00110	HLA-C	1	C*01:02	5.325	544
66K00110	HLA-C	2	C*06:02	5.325	544
66K00114	HLA-A	1	A*01:01	1.13	326
66K00114	HLA-A	2	A*01:01	1.13	326
66K00114	HLA-B	1	B*08:01	1.315	326
66K00114	HLA-B	2	B*08:01	1.315	326
66K00114	HLA-C	1	C*07:01	2.177	326
66K00114	HLA-C	2	C*07:01	2.177	326
66K00115	HLA-A	1	A*02:01	0.406	NA
66K00115	HLA-A	2	A*02:01	0.406	NA
66K00115	HLA-B	1	B*50:02	NA	NA
66K00115	HLA-B	2	B*57:01	NA	NA
66K00115	HLA-C	1	C*04:01	2.86	NA
66K00115	HLA-C	2	C*06:02	2.86	NA
66K00134	HLA-A	1	A*02:01:01	0.306	378
66K00134	HLA-A	2	A*25:01	0.306	378
66K00134	HLA-B	1	B*40:01:01	1.347	378
66K00134	HLA-B	2	B*44:02	1.347	378
66K00134	HLA-C	1	C*03:04:01	1.819	378
66K00134	HLA-C	2	C*05:01	1.819	378
66K00136	HLA-A	1	A*02:01:01	0.419	440
66K00136	HLA-A	2	A*02:01:01	0.419	440
66K00136	HLA-B	1	B*51:01:01	0.951	440
66K00136	HLA-B	2	B*51:01:01	0.951	440
66K00136	HLA-C	1	C*14:02:01	2.767	440
66K00136	HLA-C	2	C*15:06	2.767	440
66K00139	HLA-A	1	A*02:01:01	0.346	411
66K00139	HLA-A	2	A*03:01:01	0.346	411
66K00139	HLA-B	1	B*07:02:01	0.96	411
66K00139	HLA-B	2	B*57:01:01	0.96	411
66K00139	HLA-C	1	C*06:02	4.094	411
66K00139	HLA-C	2	C*07:02	4.094	411
66K00147	HLA-A	1	A*24:02	0.613	NA
66K00147	HLA-A	2	A*26:01	0.613	NA
66K00147	HLA-B	1	B*44:02	1.026	NA
66K00147	HLA-B	2	B*55:01	1.026	NA
66K00147	HLA-C	1	C*03:03	1.469	NA
66K00147	HLA-C	2	C*05:01	1.469	NA
66K00149	HLA-A	1	A*01:01	0.817	NA
66K00149	HLA-A	2	A*26:01	0.817	NA
66K00149	HLA-B	1	B*55:01	0.974	NA
66K00149	HLA-B	2	B*57:01	0.974	NA
66K00149	HLA-C	1	C*03:03:01	1.776	NA
66K00149	HLA-C	2	C*06:02	1.776	NA
66K00150	HLA-A	1	A*02:01:01	0.193	NA
66K00150	HLA-A	2	A*03:01:01	0.193	NA
66K00150	HLA-B	1	B*27:05:02	NA	NA
66K00150	HLA-B	2	B*35:01	NA	NA
66K00150	HLA-C	1	C*02:02:02	3.317	NA
66K00150	HLA-C	2	C*04:01	3.317	NA
66K00182	HLA-A	1	A*02:01:01	0.489	285
66K00182	HLA-A	2	A*02:01:01	0.489	285
66K00182	HLA-B	1	B*08:01	0.607	285
66K00182	HLA-B	2	B*15:01	0.607	285
66K00182	HLA-C	1	C*03:04:01	1.189	285
66K00182	HLA-C	2	C*07:01	1.189	285
66K00190	HLA-A	1	A*32:01	0.413	343
66K00190	HLA-A	2	A*68:01	0.413	343
66K00190	HLA-B	1	B*40:01	0.835	343
66K00190	HLA-B	2	B*44:02	0.835	343
66K00190	HLA-C	1	C*03:04:01	1.659	343
66K00190	HLA-C	2	C*07:04	1.659	343
66K00200	HLA-A	1	A*02:05	1.047	445
66K00200	HLA-A	2	A*68:02	1.047	445
66K00200	HLA-B	1	B*35:01	1.17	445
66K00200	HLA-B	2	B*44:02	1.17	445
66K00200	HLA-C	1	C*04:01	3.116	445
66K00200	HLA-C	2	C*04:01	3.116	445
66K00210	HLA-A	1	A*03:01	0.11	NA
66K00210	HLA-A	2	A*31:01	0.11	NA
66K00210	HLA-B	1	B*07:02	1.096	NA
66K00210	HLA-B	2	B*27:05	1.096	NA
66K00210	HLA-C	1	C*01:02	2.037	NA
66K00210	HLA-C	2	C*07:02	2.037	NA
66K00213	HLA-A	1	A*02:01:01	0.311	NA
66K00213	HLA-A	2	A*33:03	0.311	NA
66K00213	HLA-B	1	B*18:01	1.206	NA
66K00213	HLA-B	2	B*58:01	1.206	NA
66K00213	HLA-C	1	C*03:02	1.195	NA
66K00213	HLA-C	2	C*07:01	1.195	NA
66K00228	HLA-A	1	A*01:01	0.659	NA
66K00228	HLA-A	2	A*02:01	0.659	NA
66K00228	HLA-B	1	B*08:01	NA	NA
66K00228	HLA-B	2	B*44:02	NA	NA
66K00228	HLA-C	1	C*05:01	1.465	NA
66K00228	HLA-C	2	C*07:01	1.465	NA
66K00230	HLA-A	1	A*02:01	0.2	NA
66K00230	HLA-A	2	A*03:01	0.2	NA
66K00230	HLA-B	1	B*08:01	1.228	NA
66K00230	HLA-B	2	B*14:02	1.228	NA
66K00230	HLA-C	1	C*07:01	2.624	NA
66K00230	HLA-C	2	C*08:02	2.624	NA
66K00238	HLA-A	1	A*01:01	0.58	NA
66K00238	HLA-A	2	A*32:01	0.58	NA
66K00238	HLA-B	1	B*08:01	0.761	NA
66K00238	HLA-B	2	B*40:01:01	0.761	NA
66K00238	HLA-C	1	C*03:04:01	2.607	NA
66K00238	HLA-C	2	C*07:01	2.607	NA
66K00241	HLA-A	1	A*02:01:01	0.482	457
66K00241	HLA-A	2	A*30:01:01	0.482	457
66K00241	HLA-B	1	B*13:02:01	0.991	457
66K00241	HLA-B	2	B*57:01:01	0.991	457
66K00241	HLA-C	1	C*06:02:01	4.018	457
66K00241	HLA-C	2	C*06:02:01	4.018	457
66K00253	HLA-A	1	A*32:01	0.494	NA
66K00253	HLA-A	2	A*68:02	0.494	NA
66K00253	HLA-B	1	B*35:01	1.313	NA
66K00253	HLA-B	2	B*53:01	1.313	NA
66K00253	HLA-C	1	C*04:01	3.059	NA
66K00253	HLA-C	2	C*04:01	3.059	NA
66K00264	HLA-A	1	A*03:01:01	0.002	354
66K00264	HLA-A	2	A*03:01:01	0.002	354
66K00264	HLA-B	1	B*07:02:01	1.092	354
66K00264	HLA-B	2	B*37:01	1.092	354
66K00264	HLA-C	1	C*06:02	3.03	354
66K00264	HLA-C	2	C*07:02	3.03	354
66K00280	HLA-A	1	A*03:01:01	0.184	331
66K00280	HLA-A	2	A*30:02	0.184	331
66K00280	HLA-B	1	B*07:02:01	NA	331
66K00280	HLA-B	2	B*18:01	NA	331
66K00280	HLA-C	1	C*05:01	5.885	331
66K00280	HLA-C	2	C*07:02	5.885	331
66K00285	HLA-A	1	A*01:01	0.733	NA
66K00285	HLA-A	2	A*02:01	0.733	NA
66K00285	HLA-B	1	B*08:01	NA	NA
66K00285	HLA-B	2	B*13:02	NA	NA
66K00285	HLA-C	1	C*06:02	2.361	NA
66K00285	HLA-C	2	C*07:01	2.361	NA
66K00325	HLA-A	1	A*02:05	0.216	316
66K00325	HLA-A	2	A*03:01	0.216	316
66K00325	HLA-B	1	B*08:01	1.171	316
66K00325	HLA-B	2	B*50:01	1.171	316
66K00325	HLA-C	1	C*06:02	5.43	316
66K00325	HLA-C	2	C*07:01	5.43	316
66K00352	HLA-A	1	A*02:01:01	0.25	564
66K00352	HLA-A	2	A*03:01:01	0.25	564
66K00352	HLA-B	1	B*13:02	1.488	564
66K00352	HLA-B	2	B*35:01	1.488	564
66K00352	HLA-C	1	C*04:01	2.373	564
66K00352	HLA-C	2	C*06:02	2.373	564
66K00360	HLA-A	1	A*02:01:01	0.37	NA
66K00360	HLA-A	2	A*31:01	0.37	NA
66K00360	HLA-B	1	B*15:17	1.03	NA
66K00360	HLA-B	2	B*40:01	1.03	NA
66K00360	HLA-C	1	C*03:04	0.864	NA
66K00360	HLA-C	2	C*07:01	0.864	NA
66K00384	HLA-A	1	A*11:01	0.589	NA
66K00384	HLA-A	2	A*11:01	0.589	NA
66K00384	HLA-B	1	B*07:02:01	0.697	NA
66K00384	HLA-B	2	B*52:01	0.697	NA
66K00384	HLA-C	1	C*07:02	2.039	NA
66K00384	HLA-C	2	C*12:02:02	2.039	NA
66K00391	HLA-A	1	A*24:02	0.288	NA
66K00391	HLA-A	2	A*32:01	0.288	NA
66K00391	HLA-B	1	B*35:03	1.222	NA
66K00391	HLA-B	2	B*51:01	1.222	NA
66K00391	HLA-C	1	C*12:03	1.646	NA
66K00391	HLA-C	2	C*15:02	1.646	NA
66K00403	HLA-A	1	A*02:01	0.423	NA
66K00403	HLA-A	2	A*02:01	0.423	NA
66K00403	HLA-B	1	B*44:03	1.134	NA
66K00403	HLA-B	2	B*55:01	1.134	NA
66K00403	HLA-C	1	C*03:03	2.204	NA
66K00403	HLA-C	2	C*04:01	2.204	NA
66K00415	HLA-A	1	A*01:01	0.91	NA
66K00415	HLA-A	2	A*11:01	0.91	NA
66K00415	HLA-B	1	B*15:01	NA	NA
66K00415	HLA-B	2	B*15:01	NA	NA
66K00415	HLA-C	1	C*03:03:01	0.888	NA
66K00415	HLA-C	2	C*03:03:01	0.888	NA
66K00429	HLA-A	1	A*11:01	0.212	261
66K00429	HLA-A	2	A*32:01	0.212	261
66K00429	HLA-B	1	B*07:02:01	0.669	261
66K00429	HLA-B	2	B*40:01	0.669	261
66K00429	HLA-C	1	C*03:04:01	0.861	261
66K00429	HLA-C	2	C*07:02	0.861	261
66K00440	HLA-A	1	A*24:02	0.547	246
66K00440	HLA-A	2	A*32:01	0.547	246
66K00440	HLA-B	1	B*44:02:01	NA	246
66K00440	HLA-B	2	B*44:05:01	NA	246
66K00440	HLA-C	1	C*02:02	4.564	246
66K00440	HLA-C	2	C*05:01	4.564	246
66K00444	HLA-A	1	A*02:01	0.581	400
66K00444	HLA-A	2	A*25:01	0.581	400
66K00444	HLA-B	1	B*18:01:01	1.088	400
66K00444	HLA-B	2	B*40:01	1.088	400
66K00444	HLA-C	1	C*03:04:01	2	400
66K00444	HLA-C	2	C*12:03	2	400
66K00451	HLA-A	1	A*02:01:01	0.271	NA
66K00451	HLA-A	2	A*03:01:01	0.271	NA
66K00451	HLA-B	1	B*44:02	0.944	NA
66K00451	HLA-B	2	B*57:01	0.944	NA
66K00451	HLA-C	1	C*05:01	3.284	NA
66K00451	HLA-C	2	C*06:02	3.284	NA
66K00461	HLA-A	1	A*01:01	0.762	345
66K00461	HLA-A	2	A*02:01	0.762	345
66K00461	HLA-B	1	B*15:01	1.097	345
66K00461	HLA-B	2	B*44:02	1.097	345
66K00461	HLA-C	1	C*03:03	2.489	345
66K00461	HLA-C	2	C*05:01	2.489	345
66K00462	HLA-A	1	A*03:01	0.285	NA
66K00462	HLA-A	2	A*30:01	0.285	NA
66K00462	HLA-B	1	B*13:02	0.956	NA
66K00462	HLA-B	2	B*47:01	0.956	NA
66K00462	HLA-C	1	C*06:02	3.886	NA
66K00462	HLA-C	2	C*06:02	3.886	NA
66K00464	HLA-A	1	A*02:01	0.583	374
66K00464	HLA-A	2	A*02:01	0.583	374
66K00464	HLA-B	1	B*08:01	0.888	374
66K00464	HLA-B	2	B*15:01	0.888	374
66K00464	HLA-C	1	C*03:03	1.363	374
66K00464	HLA-C	2	C*07:01	1.363	374
66K00474	HLA-A	1	A*02:01:01	0.873	332
66K00474	HLA-A	2	A*24:02	0.873	332
66K00474	HLA-B	1	B*44:02	1.407	332
66K00474	HLA-B	2	B*44:02	1.407	332
66K00474	HLA-C	1	C*05:01	3.727	332
66K00474	HLA-C	2	C*16:02	3.727	332
66K00475	HLA-A	1	A*02:01:01	0.907	530
66K00475	HLA-A	2	A*68:01:01	0.907	530
66K00475	HLA-B	1	B*35:03	1.565	530
66K00475	HLA-B	2	B*40:01:01	1.565	530
66K00475	HLA-C	1	C*03:04:01	2.305	530
66K00475	HLA-C	2	C*04:01	2.305	530
66K00479	HLA-A	1	A*01:01	0.718	284
66K00479	HLA-A	2	A*29:02	0.718	284
66K00479	HLA-B	1	B*08:01	1.035	284
66K00479	HLA-B	2	B*44:03:01	1.035	284
66K00479	HLA-C	1	C*07:01	1.964	284
66K00479	HLA-C	2	C*16:01	1.964	284
66K00482	HLA-A	1	A*01:01	0.879	178
66K00482	HLA-A	2	A*68:02	0.879	178
66K00482	HLA-B	1	B*15:17	NA	178
66K00482	HLA-B	2	B*27:03	NA	178
66K00482	HLA-C	1	C*02:02:02	1.106	178
66K00482	HLA-C	2	C*07:01	1.106	178
66K00486	HLA-A	1	A*02:01:01	0.706	364
66K00486	HLA-A	2	A*24:02	0.706	364
66K00486	HLA-B	1	B*35:01	0.902	364
66K00486	HLA-B	2	B*44:02	0.902	364
66K00486	HLA-C	1	C*04:01	2.538	364
66K00486	HLA-C	2	C*05:01	2.538	364
66K00487	HLA-A	1	A*03:01:01	0.406	138
66K00487	HLA-A	2	A*11:01	0.406	138
66K00487	HLA-B	1	B*07:02:01	0.901	138
66K00487	HLA-B	2	B*08:01	0.901	138
66K00487	HLA-C	1	C*07:01	2.161	138
66K00487	HLA-C	2	C*07:02	2.161	138
66K00490	HLA-A	1	A*02:01:01	0.302	287
66K00490	HLA-A	2	A*03:01:01	0.302	287
66K00490	HLA-B	1	B*07:02:01	1.007	287
66K00490	HLA-B	2	B*13:02	1.007	287
66K00490	HLA-C	1	C*06:02	NA	287
66K00490	HLA-C	2	C*07:02	NA	287
66K00493	HLA-A	1	A*01:01	0.793	372
66K00493	HLA-A	2	A*02:01:01	0.793	372
66K00493	HLA-B	1	B*40:01:01	1.281	372
66K00493	HLA-B	2	B*57:01	1.281	372
66K00493	HLA-C	1	C*03:04:01	2.005	372
66K00493	HLA-C	2	C*06:02	2.005	372
66K00496	HLA-A	1	A*02:01:01	0.6	262
66K00496	HLA-A	2	A*02:01:01	0.6	262
66K00496	HLA-B	1	B*44:02	1.157	262
66K00496	HLA-B	2	B*44:02	1.157	262
66K00496	HLA-C	1	C*05:01	2.003	262
66K00496	HLA-C	2	C*05:01	2.003	262
66K00497	HLA-A	1	A*01:01	0.421	NA
66K00497	HLA-A	2	A*32:01	0.421	NA
66K00497	HLA-B	1	B*08:01	1.105	NA
66K00497	HLA-B	2	B*40:01:01	1.105	NA
66K00497	HLA-C	1	C*03:04:01	1.068	NA
66K00497	HLA-C	2	C*07:01	1.068	NA
66K00499	HLA-A	1	A*03:01:01	0.005	126
66K00499	HLA-A	2	A*03:01:01	0.005	126
66K00499	HLA-B	1	B*07:02:01	NA	126
66K00499	HLA-B	2	B*49:01	NA	126
66K00499	HLA-C	1	C*07:01	1.301	126
66K00499	HLA-C	2	C*07:02	1.301	126
66K00503	HLA-A	1	A*24:02	1	NA
66K00503	HLA-A	2	A*26:01	1	NA
66K00503	HLA-B	1	B*35:01	0.923	NA
66K00503	HLA-B	2	B*51:01:01	0.923	NA
66K00503	HLA-C	1	C*01:02	4.21	NA
66K00503	HLA-C	2	C*15:02	4.21	NA
66K00513	HLA-A	1	A*02:01:01	0.25	461
66K00513	HLA-A	2	A*03:01:01	0.25	461
66K00513	HLA-B	1	B*14:02:01	1.288	461
66K00513	HLA-B	2	B*47:01:01	1.288	461
66K00513	HLA-C	1	C*06:02	2.213	461
66K00513	HLA-C	2	C*08:02	2.213	461
66K00514	HLA-A	1	A*02:05	0.455	400
66K00514	HLA-A	2	A*26:01:01	0.455	400
66K00514	HLA-B	1	B*15:01:01	0.978	400
66K00514	HLA-B	2	B*35:01:01	0.978	400
66K00514	HLA-C	1	C*04:01:01	3.22	400
66K00514	HLA-C	2	C*05:01:01	3.22	400
66K00515	HLA-A	1	A*03:01:01	0.459	343
66K00515	HLA-A	2	A*68:01:02	0.459	343
66K00515	HLA-B	1	B*07:02:01	1.374	343
66K00515	HLA-B	2	B*44:02:01	1.374	343
66K00515	HLA-C	1	C*03:04:01	1.03	343
66K00515	HLA-C	2	C*07:02	1.03	343
66K00518	HLA-A	1	A*02:01:01	0.362	410
66K00518	HLA-A	2	A*11:01	0.362	410
66K00518	HLA-B	1	B*27:05:02	1.252	410
66K00518	HLA-B	2	B*44:02	1.252	410
66K00518	HLA-C	1	C*01:02	5.589	410
66K00518	HLA-C	2	C*05:01	5.589	410
66K00520	HLA-A	1	A*11:01	0.335	NA
66K00520	HLA-A	2	A*30:01	0.335	NA
66K00520	HLA-B	1	B*13:02	NA	NA
66K00520	HLA-B	2	B*35:01	NA	NA
66K00520	HLA-C	1	C*04:01	4.459	NA
66K00520	HLA-C	2	C*06:02	4.459	NA
66K00525	HLA-A	1	A*23:01	0.729	189
66K00525	HLA-A	2	A*29:02	0.729	189
66K00525	HLA-B	1	B*07:02:01	0.997	189
66K00525	HLA-B	2	B*44:03:01	0.997	189
66K00525	HLA-C	1	C*04:01	2.065	189
66K00525	HLA-C	2	C*07:02	2.065	189
66K00526	HLA-A	1	A*02:01:01	0.211	NA
66K00526	HLA-A	2	A*03:01:01	0.211	NA
66K00526	HLA-B	1	B*07:02:01	NA	NA
66K00526	HLA-B	2	B*07:02:01	NA	NA
66K00526	HLA-C	1	C*07:02:01	2.295	NA
66K00526	HLA-C	2	C*07:02:01	2.295	NA
66K00529	HLA-A	1	A*01:01	0.687	375
66K00529	HLA-A	2	A*02:01	0.687	375
66K00529	HLA-B	1	B*35:01	1.272	375
66K00529	HLA-B	2	B*37:01	1.272	375
66K00529	HLA-C	1	C*03:03	1.683	375
66K00529	HLA-C	2	C*06:02	1.683	375
66K00532	HLA-A	1	A*11:01:01	0.944	412
66K00532	HLA-A	2	A*24:02:01	0.944	412
66K00532	HLA-B	1	B*44:05	0.734	412
66K00532	HLA-B	2	B*52:01:01	0.734	412
66K00532	HLA-C	1	C*02:02:02	2.181	412
66K00532	HLA-C	2	C*12:02:01	2.181	412
66K00535	HLA-A	1	A*02:01:01	0.376	383
66K00535	HLA-A	2	A*25:01	0.376	383
66K00535	HLA-B	1	B*15:01	1.063	383
66K00535	HLA-B	2	B*15:01	1.063	383
66K00535	HLA-C	1	C*01:02	1.366	383
66K00535	HLA-C	2	C*03:03:01	1.366	383
66K00536	HLA-A	1	A*01:01	1.127	NA
66K00536	HLA-A	2	A*68:01:02	1.127	NA
66K00536	HLA-B	1	B*40:01:01	1.054	NA
66K00536	HLA-B	2	B*44:02	1.054	NA
66K00536	HLA-C	1	C*03:04:01	1.231	NA
66K00536	HLA-C	2	C*05:01	1.231	NA
66K00538	HLA-A	1	A*01:01	0.874	244
66K00538	HLA-A	2	A*01:01	0.874	244
66K00538	HLA-B	1	B*08:01	1.147	244
66K00538	HLA-B	2	B*08:01	1.147	244
66K00538	HLA-C	1	C*07:01	1.652	244
66K00538	HLA-C	2	C*07:01	1.652	244
66K00539	HLA-A	1	A*03:01:01	0.013	NA
66K00539	HLA-A	2	A*74:03	0.013	NA
66K00539	HLA-B	1	B*35:01	1.214	NA
66K00539	HLA-B	2	B*44:03:02	1.214	NA
66K00539	HLA-C	1	C*04:01	4.462	NA
66K00539	HLA-C	2	C*04:01	4.462	NA
66K00541	HLA-A	1	A*02:01:01	0.296	NA
66K00541	HLA-A	2	A*31:01	0.296	NA
66K00541	HLA-B	1	B*08:01	NA	NA
66K00541	HLA-B	2	B*39:01:01	NA	NA
66K00541	HLA-C	1	C*07:01	2.222	NA
66K00541	HLA-C	2	C*12:03	2.222	NA
66K00543	HLA-A	1	A*01:01	0.9	NA
66K00543	HLA-A	2	A*02:01:01	0.9	NA
66K00543	HLA-B	1	B*55:01	1.077	NA
66K00543	HLA-B	2	B*57:01	1.077	NA
66K00543	HLA-C	1	C*03:03:01	0.884	NA
66K00543	HLA-C	2	C*06:02	0.884	NA
66K00548	HLA-A	1	A*01:01	0.532	237
66K00548	HLA-A	2	A*68:01:02	0.532	237
66K00548	HLA-B	1	B*08:01	NA	237
66K00548	HLA-B	2	B*44:02	NA	237
66K00548	HLA-C	1	C*07:01	1.774	237
66K00548	HLA-C	2	C*07:04	1.774	237
66K00552	HLA-A	1	A*11:01	0.6	NA
66K00552	HLA-A	2	A*24:02	0.6	NA
66K00552	HLA-B	1	B*40:01:01	1.191	NA
66K00552	HLA-B	2	B*55:01	1.191	NA
66K00552	HLA-C	1	C*03:03:01	0.694	NA
66K00552	HLA-C	2	C*03:04:01	0.694	NA
66K00554	HLA-A	1	A*11:01	0.265	295
66K00554	HLA-A	2	A*32:01	0.265	295
66K00554	HLA-B	1	B*18:01	0.785	295
66K00554	HLA-B	2	B*40:02	0.785	295
66K00554	HLA-C	1	C*02:02:02	1	295
66K00554	HLA-C	2	C*07:01	1	295
66K00558	HLA-A	1	A*02:01:01	0.479	466
66K00558	HLA-A	2	A*30:01	0.479	466
66K00558	HLA-B	1	B*13:02	NA	466
66K00558	HLA-B	2	B*15:01	NA	466
66K00558	HLA-C	1	C*03:04:01	2.813	466
66K00558	HLA-C	2	C*06:02	2.813	466
66K00559	HLA-A	1	A*02:01:01	0.404	439
66K00559	HLA-A	2	A*31:01	0.404	439
66K00559	HLA-B	1	B*35:03	1.152	439
66K00559	HLA-B	2	B*40:02	1.152	439
66K00559	HLA-C	1	C*02:02:02	3.729	439
66K00559	HLA-C	2	C*04:01	3.729	439
66K00564	HLA-A	1	A*03:01:01	0.361	NA
66K00564	HLA-A	2	A*11:01	0.361	NA
66K00564	HLA-B	1	B*40:01:01	0.884	NA
66K00564	HLA-B	2	B*51:01:01	0.884	NA
66K00564	HLA-C	1	C*03:04:01	1.081	NA
66K00564	HLA-C	2	C*15:02	1.081	NA
66K00566	HLA-A	1	A*02:01:01	0.279	187
66K00566	HLA-A	2	A*03:01:01	0.279	187
66K00566	HLA-B	1	B*15:01	1.12	187
66K00566	HLA-B	2	B*27:02	1.12	187
66K00566	HLA-C	1	C*02:02:02	2.751	187
66K00566	HLA-C	2	C*07:04	2.751	187
66K00567	HLA-A	1	A*01:01	0.283	293
66K00567	HLA-A	2	A*03:01:01	0.283	293
66K00567	HLA-B	1	B*15:18	0.84	293
66K00567	HLA-B	2	B*40:02	0.84	293
66K00567	HLA-C	1	C*02:02:02	2.683	293
66K00567	HLA-C	2	C*07:04	2.683	293
66K00574	HLA-A	1	A*01:01:01	0.729	295
66K00574	HLA-A	2	A*02:01:01	0.729	295
66K00574	HLA-B	1	B*08:01:01	0.687	295
66K00574	HLA-B	2	B*44:02:01	0.687	295
66K00574	HLA-C	1	C*05:01:01	2.416	295
66K00574	HLA-C	2	C*07:01:01	2.416	295
66K00578	HLA-A	1	A*03:01:01	0.415	NA
66K00578	HLA-A	2	A*23:01	0.415	NA
66K00578	HLA-B	1	B*07:02	0.973	NA
66K00578	HLA-B	2	B*44:03:01	0.973	NA
66K00578	HLA-C	1	C*04:01:01	2.101	NA
66K00578	HLA-C	2	C*07:02:01	2.101	NA
66K00581	HLA-A	1	A*03:01:01	0.005	305
66K00581	HLA-A	2	A*32:01:01	0.005	305
66K00581	HLA-B	1	B*07:02:01	0.842	305
66K00581	HLA-B	2	B*40:02:01	0.842	305
66K00581	HLA-C	1	C*02:02:02	1.01	305
66K00581	HLA-C	2	C*07:01:01	1.01	305
66K00582	HLA-A	1	A*03:01:01	0.416	262
66K00582	HLA-A	2	A*24:02:01	0.416	262
66K00582	HLA-B	1	B*08:01:01	NA	262
66K00582	HLA-B	2	B*49:01	NA	262
66K00582	HLA-C	1	C*07:01:01	1.33	262
66K00582	HLA-C	2	C*07:02:01	1.33	262
66K00589	HLA-A	1	A*02:01:01	0.723	NA
66K00589	HLA-A	2	A*68:01:01	0.723	NA
66K00589	HLA-B	1	B*15:01:01	1.223	NA
66K00589	HLA-B	2	B*35:03	1.223	NA
66K00589	HLA-C	1	C*03:03:01	1.709	NA
66K00589	HLA-C	2	C*04:01:01	1.709	NA
66K00592	HLA-A	1	A*02:01:01	0.638	493
66K00592	HLA-A	2	A*68:01:01	0.638	493
66K00592	HLA-B	1	B*27:02	0.904	493
66K00592	HLA-B	2	B*51:01:01	0.904	493
66K00592	HLA-C	1	C*02:02:02	2.619	493
66K00592	HLA-C	2	C*14:02:01	2.619	493
66K00593	HLA-A	1	A*02:01:01	0.627	NA
66K00593	HLA-A	2	A*68:01:01	0.627	NA
66K00593	HLA-B	1	B*15:17:01	1.01	NA
66K00593	HLA-B	2	B*40:01	1.01	NA
66K00593	HLA-C	1	C*03:04:01	0.917	NA
66K00593	HLA-C	2	C*07:01:01	0.917	NA
66K00602	HLA-A	1	A*01:01:01	0.441	NA
66K00602	HLA-A	2	A*03:01:01	0.441	NA
66K00602	HLA-B	1	B*07:02	0.873	NA
66K00602	HLA-B	2	B*08:01	0.873	NA
66K00602	HLA-C	1	C*07:01	1.72	NA
66K00602	HLA-C	2	C*07:02	1.72	NA
66K00609	HLA-A	1	A*01:01:01	0.415	242
66K00609	HLA-A	2	A*03:01:01	0.415	242
66K00609	HLA-B	1	B*07:02	0.931	242
66K00609	HLA-B	2	B*08:01	0.931	242
66K00609	HLA-C	1	C*07:01	1.49	242
66K00609	HLA-C	2	C*07:02	1.49	242
66K00610	HLA-A	1	A*11:01	0.539	NA
66K00610	HLA-A	2	A*33:03	0.539	NA
66K00610	HLA-B	1	B*07:02	1.008	NA
66K00610	HLA-B	2	B*07:02	1.008	NA
66K00610	HLA-C	1	C*07:02	2.867	NA
66K00610	HLA-C	2	C*07:02	2.867	NA
66K00613	HLA-A	1	A*02:01	0.293	NA
66K00613	HLA-A	2	A*33:01	0.293	NA
66K00613	HLA-B	1	B*14:02	NA	NA
66K00613	HLA-B	2	B*57:01	NA	NA
66K00613	HLA-C	1	C*06:02	4.734	NA
66K00613	HLA-C	2	C*08:02	4.734	NA
66K00614	HLA-A	1	A*01:01:01	0.586	NA
66K00614	HLA-A	2	A*31:01:02	0.586	NA
66K00614	HLA-B	1	B*08:01	NA	NA
66K00614	HLA-B	2	B*40:01	NA	NA
66K00614	HLA-C	1	C*03:04	1.335	NA
66K00614	HLA-C	2	C*07:01	1.335	NA
66K00624	HLA-A	1	A*01:01	0.8	230
66K00624	HLA-A	2	A*02:01	0.8	230
66K00624	HLA-B	1	B*08:01	0.729	230
66K00624	HLA-B	2	B*15:01	0.729	230
66K00624	HLA-C	1	C*03:03	1.202	230
66K00624	HLA-C	2	C*07:01	1.202	230
66K00626	HLA-A	1	A*01:01:01	0.954	326
66K00626	HLA-A	2	A*02:01	0.954	326
66K00626	HLA-B	1	B*15:01	1.077	326
66K00626	HLA-B	2	B*27:05	1.077	326
66K00626	HLA-C	1	C*02:02	3.149	326
66K00626	HLA-C	2	C*03:03	3.149	326
66K00627	HLA-A	1	A*02:01:01	0.486	196
66K00627	HLA-A	2	A*02:01	0.486	196
66K00627	HLA-B	1	B*07:02	1.086	196
66K00627	HLA-B	2	B*44:02	1.086	196
66K00627	HLA-C	1	C*05:01	2.094	196
66K00627	HLA-C	2	C*07:02	2.094	196
66K00629	HLA-A	1	A*02:01	0.454	NA
66K00629	HLA-A	2	A*26:01	0.454	NA
66K00629	HLA-B	1	B*15:01	1.196	NA
66K00629	HLA-B	2	B*38:01	1.196	NA
66K00629	HLA-C	1	C*03:04	2.207	NA
66K00629	HLA-C	2	C*12:03	2.207	NA
66K00633	HLA-A	1	A*02:01	0.417	NA
66K00633	HLA-A	2	A*31:01:02	0.417	NA
66K00633	HLA-B	1	B*07:02:01	0.897	NA
66K00633	HLA-B	2	B*44:02:01	0.897	NA
66K00633	HLA-C	1	C*05:01	3.043	NA
66K00633	HLA-C	2	C*07:01	3.043	NA
66K00634	HLA-A	1	A*03:01	0.067	275
66K00634	HLA-A	2	A*31:01:02	0.067	275
66K00634	HLA-B	1	B*07:02	0.927	275
66K00634	HLA-B	2	B*49:01	0.927	275
66K00634	HLA-C	1	C*07:01	0.758	275
66K00634	HLA-C	2	C*07:02	0.758	275
66K00636	HLA-A	1	A*01:01:01	0.589	NA
66K00636	HLA-A	2	A*03:01:01	0.589	NA
66K00636	HLA-B	1	B*07:02:01	1.077	NA
66K00636	HLA-B	2	B*37:01:01	1.077	NA
66K00636	HLA-C	1	C*06:02:01	1.288	NA
66K00636	HLA-C	2	C*07:02:01	1.288	NA
66K00638	HLA-A	1	A*02:01	0.363	NA
66K00638	HLA-A	2	A*03:01:01	0.363	NA
66K00638	HLA-B	1	B*07:02	0.814	NA
66K00638	HLA-B	2	B*08:01	0.814	NA
66K00638	HLA-C	1	C*07:01	2.61	NA
66K00638	HLA-C	2	C*07:02	2.61	NA
66K00644	HLA-A	1	A*02:01	0.948	417
66K00644	HLA-A	2	A*68:01:02	0.948	417
66K00644	HLA-B	1	B*15:01	0.928	417
66K00644	HLA-B	2	B*51:01	0.928	417
66K00644	HLA-C	1	C*03:03	3.196	417
66K00644	HLA-C	2	C*15:02	3.196	417
66K00646	HLA-A	1	A*01:01:01	0.982	524
66K00646	HLA-A	2	A*24:02	0.982	524
66K00646	HLA-B	1	B*57:01	1.158	524
66K00646	HLA-B	2	B*57:01	1.158	524
66K00646	HLA-C	1	C*06:02	2.131	524
66K00646	HLA-C	2	C*06:02	2.131	524
66K00649	HLA-A	1	A*01:01	1.114	NA
66K00649	HLA-A	2	A*02:06	1.114	NA
66K00649	HLA-B	1	B*08:01	NA	NA
66K00649	HLA-B	2	B*35:01	NA	NA
66K00649	HLA-C	1	C*03:04	1.845	NA
66K00649	HLA-C	2	C*07:01	1.845	NA
66K00653	HLA-A	1	A*03:01	0.024	179
66K00653	HLA-A	2	A*33:01:01	0.024	179
66K00653	HLA-B	1	B*07:02	1.11	179
66K00653	HLA-B	2	B*14:02	1.11	179
66K00653	HLA-C	1	C*07:02	2.253	179
66K00653	HLA-C	2	C*08:02	2.253	179
66K00655	HLA-A	1	A*01:01:01	0.513	NA
66K00655	HLA-A	2	A*03:01	0.513	NA
66K00655	HLA-B	1	B*07:02	1.163	NA
66K00655	HLA-B	2	B*08:01	1.163	NA
66K00655	HLA-C	1	C*07:01	1.639	NA
66K00655	HLA-C	2	C*07:02	1.639	NA
66K00656	HLA-A	1	A*01:01	0.903	NA
66K00656	HLA-A	2	A*26:01	0.903	NA
66K00656	HLA-B	1	B*38:01	1.079	NA
66K00656	HLA-B	2	B*57:01	1.079	NA
66K00656	HLA-C	1	C*06:02	3.269	NA
66K00656	HLA-C	2	C*12:03	3.269	NA
66K00658	HLA-A	1	A*03:01	0.169	NA
66K00658	HLA-A	2	A*29:02	0.169	NA
66K00658	HLA-B	1	B*07:02	1.007	NA
66K00658	HLA-B	2	B*18:01	1.007	NA
66K00658	HLA-C	1	C*05:01	3.075	NA
66K00658	HLA-C	2	C*07:02	3.075	NA
66K00659	HLA-A	1	A*02:01	0.189	NA
66K00659	HLA-A	2	A*03:02	0.189	NA
66K00659	HLA-B	1	B*40:01	0.832	NA
66K00659	HLA-B	2	B*44:02	0.832	NA
66K00659	HLA-C	1	C*03:04	1.174	NA
66K00659	HLA-C	2	C*05:01	1.174	NA
66K00660	HLA-A	1	A*02:01:01	0.223	NA
66K00660	HLA-A	2	A*03:01	0.223	NA
66K00660	HLA-B	1	B*07:02	0.995	NA
66K00660	HLA-B	2	B*44:02	0.995	NA
66K00660	HLA-C	1	C*05:01:01	2.093	NA
66K00660	HLA-C	2	C*07:02	2.093	NA
66K00661	HLA-A	1	A*03:01	0.23	NA
66K00661	HLA-A	2	A*25:01	0.23	NA
66K00661	HLA-B	1	B*07:02	NA	NA
66K00661	HLA-B	2	B*18:01	NA	NA
66K00661	HLA-C	1	C*07:02	1.711	NA
66K00661	HLA-C	2	C*12:03	1.711	NA
66K00662	HLA-A	1	A*23:01	0.537	357
66K00662	HLA-A	2	A*32:01	0.537	357
66K00662	HLA-B	1	B*35:01	1.332	357
66K00662	HLA-B	2	B*40:02	1.332	357
66K00662	HLA-C	1	C*02:02:02	2.959	357
66K00662	HLA-C	2	C*04:01	2.959	357
66K00663	HLA-A	1	A*01:01:01	0.48	NA
66K00663	HLA-A	2	A*03:01	0.48	NA
66K00663	HLA-B	1	B*35:01:01	NA	NA
66K00663	HLA-B	2	B*37:01:01	NA	NA
66K00663	HLA-C	1	C*04:01	2.765	NA
66K00663	HLA-C	2	C*06:02	2.765	NA
66K00667	HLA-A	1	A*01:01:01	0.565	240
66K00667	HLA-A	2	A*26:01	0.565	240
66K00667	HLA-B	1	B*08:01	1.124	240
66K00667	HLA-B	2	B*44:02:01	1.124	240
66K00667	HLA-C	1	C*05:01	1.873	240
66K00667	HLA-C	2	C*07:01	1.873	240
66K00668	HLA-A	1	A*01:01:01	0.639	NA
66K00668	HLA-A	2	A*11:01:01	0.639	NA
66K00668	HLA-B	1	B*08:01	1.02	NA
66K00668	HLA-B	2	B*51:01	1.02	NA
66K00668	HLA-C	1	C*07:01	2.009	NA
66K00668	HLA-C	2	C*15:02	2.009	NA
66K00669	HLA-A	1	A*02:01	0.358	NA
66K00669	HLA-A	2	A*03:01	0.358	NA
66K00669	HLA-B	1	B*07:02	1.086	NA
66K00669	HLA-B	2	B*15:01	1.086	NA
66K00669	HLA-C	1	C*03:03:01	0.647	NA
66K00669	HLA-C	2	C*07:02	0.647	NA
66K00670	HLA-A	1	A*01:01:01	0.54	231
66K00670	HLA-A	2	A*02:01	0.54	231
66K00670	HLA-B	1	B*08:01	0.771	231
66K00670	HLA-B	2	B*57:01	0.771	231
66K00670	HLA-C	1	C*06:02:01	0.734	231
66K00670	HLA-C	2	C*07:01	0.734	231
66K00673	HLA-A	1	A*01:01	0.761	431
66K00673	HLA-A	2	A*02:01	0.761	431
66K00673	HLA-B	1	B*44:02	0.876	431
66K00673	HLA-B	2	B*57:01	0.876	431
66K00673	HLA-C	1	C*06:02	3.448	431
66K00673	HLA-C	2	C*07:04	3.448	431
66K00674	HLA-A	1	A*02:01	0.757	NA
66K00674	HLA-A	2	A*68:02	0.757	NA
66K00674	HLA-B	1	B*35:01	1.33	NA
66K00674	HLA-B	2	B*35:08	1.33	NA
66K00674	HLA-C	1	C*04:01:01	2.239	NA
66K00674	HLA-C	2	C*04:01	2.239	NA
66K00679	HLA-A	1	A*02:01	0.456	NA
66K00679	HLA-A	2	A*26:01	0.456	NA
66K00679	HLA-B	1	B*51:05	1.105	NA
66K00679	HLA-B	2	B*52:01	1.105	NA
66K00679	HLA-C	1	C*04:01	2.184	NA
66K00679	HLA-C	2	C*12:02	2.184	NA
66K00680	HLA-A	1	A*02:01	0.609	NA
66K00680	HLA-A	2	A*68:01:02	0.609	NA
66K00680	HLA-B	1	B*15:17	1.002	NA
66K00680	HLA-B	2	B*55:01	1.002	NA
66K00680	HLA-C	1	C*03:03	1.032	NA
66K00680	HLA-C	2	C*07:01	1.032	NA
66K00683	HLA-A	1	A*24:02	1.491	NA
66K00683	HLA-A	2	A*24:02	1.491	NA
66K00683	HLA-B	1	B*15:01:01	0.894	NA
66K00683	HLA-B	2	B*44:03	0.894	NA
66K00683	HLA-C	1	C*03:03:01	3.605	NA
66K00683	HLA-C	2	C*04:01:01	3.605	NA
66K00685	HLA-A	1	A*01:01	0.468	NA
66K00685	HLA-A	2	A*03:01	0.468	NA
66K00685	HLA-B	1	B*07:02	1.497	NA
66K00685	HLA-B	2	B*44:03	1.497	NA
66K00685	HLA-C	1	C*07:02	2.276	NA
66K00685	HLA-C	2	C*16:01	2.276	NA
66K00687	HLA-A	1	A*01:01:01	0.661	NA
66K00687	HLA-A	2	A*02:01	0.661	NA
66K00687	HLA-B	1	B*08:01	0.832	NA
66K00687	HLA-B	2	B*08:01	0.832	NA
66K00687	HLA-C	1	C*07:01	1.86	NA
66K00687	HLA-C	2	C*07:01	1.86	NA
66K00688	HLA-A	1	A*23:01	0.587	NA
66K00688	HLA-A	2	A*25:01:01	0.587	NA
66K00688	HLA-B	1	B*44:02	1.46	NA
66K00688	HLA-B	2	B*49:01	1.46	NA
66K00688	HLA-C	1	C*05:01	2.046	NA
66K00688	HLA-C	2	C*07:01	2.046	NA
66K00689	HLA-A	1	A*25:01	0.316	NA
66K00689	HLA-A	2	A*30:01	0.316	NA
66K00689	HLA-B	1	B*18:01	1.155	NA
66K00689	HLA-B	2	B*39:01	1.155	NA
66K00689	HLA-C	1	C*07:01	1.857	NA
66K00689	HLA-C	2	C*12:03	1.857	NA
66K00690	HLA-A	1	A*02:01	0.347	338
66K00690	HLA-A	2	A*03:01	0.347	338
66K00690	HLA-B	1	B*07:02	1.137	338
66K00690	HLA-B	2	B*18:01	1.137	338
66K00690	HLA-C	1	C*07:01	1.912	338
66K00690	HLA-C	2	C*07:02	1.912	338
66K00691	HLA-A	1	A*02:01	0.52	249
66K00691	HLA-A	2	A*02:01	0.52	249
66K00691	HLA-B	1	B*27:05	0.832	249
66K00691	HLA-B	2	B*40:01	0.832	249
66K00691	HLA-C	1	C*02:02	1.994	249
66K00691	HLA-C	2	C*03:04	1.994	249
66K00692	HLA-A	1	A*01:01:01	1.103	184
66K00692	HLA-A	2	A*23:01	1.103	184
66K00692	HLA-B	1	B*08:01	1.065	184
66K00692	HLA-B	2	B*44:03	1.065	184
66K00692	HLA-C	1	C*04:01:01	2.7	184
66K00692	HLA-C	2	C*07:01	2.7	184
66K00694	HLA-A	1	A*02:01:01	0.87	353
66K00694	HLA-A	2	A*26:01:01	0.87	353
66K00694	HLA-B	1	B*51:01:01	0.866	353
66K00694	HLA-B	2	B*57:01:01	0.866	353
66K00694	HLA-C	1	C*01:02:01	3.899	353
66K00694	HLA-C	2	C*06:02:01	3.899	353
66K00695	HLA-A	1	A*01:01	0.69	NA
66K00695	HLA-A	2	A*30:01	0.69	NA
66K00695	HLA-B	1	B*07:02	1.42	NA
66K00695	HLA-B	2	B*13:02	1.42	NA
66K00695	HLA-C	1	C*06:02	2.402	NA
66K00695	HLA-C	2	C*07:01	2.402	NA
66K00696	HLA-A	1	A*02:01	0.389	NA
66K00696	HLA-A	2	A*02:01	0.389	NA
66K00696	HLA-B	1	B*27:05	1.035	NA
66K00696	HLA-B	2	B*51:01	1.035	NA
66K00696	HLA-C	1	C*02:02	2.326	NA
66K00696	HLA-C	2	C*14:02	2.326	NA
66K00697	HLA-A	1	A*01:01	0.506	254
66K00697	HLA-A	2	A*31:01:02	0.506	254
66K00697	HLA-B	1	B*07:02	1.213	254
66K00697	HLA-B	2	B*08:01	1.213	254
66K00697	HLA-C	1	C*07:01	2.493	254
66K00697	HLA-C	2	C*07:02	2.493	254
66K00698	HLA-A	1	A*01:01:01	0.693	225
66K00698	HLA-A	2	A*11:01:01	0.693	225
66K00698	HLA-B	1	B*07:02	1.121	225
66K00698	HLA-B	2	B*44:03	1.121	225
66K00698	HLA-C	1	C*07:01	1.331	225
66K00698	HLA-C	2	C*16:01	1.331	225
66K00706	HLA-A	1	A*30:04	0.527	NA
66K00706	HLA-A	2	A*68:01:02	0.527	NA
66K00706	HLA-B	1	B*35:02	0.754	NA
66K00706	HLA-B	2	B*44:02	0.754	NA
66K00706	HLA-C	1	C*04:01	2.869	NA
66K00706	HLA-C	2	C*07:04	2.869	NA
66K00707	HLA-A	1	A*24:02	0.886	240
66K00707	HLA-A	2	A*34:02:01	0.886	240
66K00707	HLA-B	1	B*07:02	0.794	240
66K00707	HLA-B	2	B*08:01	0.794	240
66K00707	HLA-C	1	C*07:01	1.904	240
66K00707	HLA-C	2	C*07:02	1.904	240
66K00708	HLA-A	1	A*01:01:01	0.893	NA
66K00708	HLA-A	2	A*02:01	0.893	NA
66K00708	HLA-B	1	B*07:02	1.051	NA
66K00708	HLA-B	2	B*51:01	1.051	NA
66K00708	HLA-C	1	C*07:02	2.74	NA
66K00708	HLA-C	2	C*14:02	2.74	NA
66K00711	HLA-A	1	A*31:01	0.696	492
66K00711	HLA-A	2	A*68:01	0.696	492
66K00711	HLA-B	1	B*27:05	NA	492
66K00711	HLA-B	2	B*44:03	NA	492
66K00711	HLA-C	1	C*01:02	5.375	492
66K00711	HLA-C	2	C*16:01	5.375	492
66K00718	HLA-A	1	A*02:01	0.469	NA
66K00718	HLA-A	2	A*02:01	0.469	NA
66K00718	HLA-B	1	B*07:05	0.965	NA
66K00718	HLA-B	2	B*44:05	0.965	NA
66K00718	HLA-C	1	C*02:02	3.78	NA
66K00718	HLA-C	2	C*15:05	3.78	NA
66K00721	HLA-A	1	A*01:01	0.847	NA
66K00721	HLA-A	2	A*02:01	0.847	NA
66K00721	HLA-B	1	B*08:01	1.135	NA
66K00721	HLA-B	2	B*44:02	1.135	NA
66K00721	HLA-C	1	C*05:01	2.814	NA
66K00721	HLA-C	2	C*07:01	2.814	NA
66K00724	HLA-A	1	A*01:01:01	0.301	282
66K00724	HLA-A	2	A*03:01	0.301	282
66K00724	HLA-B	1	B*08:01	1.023	282
66K00724	HLA-B	2	B*49:01	1.023	282
66K00724	HLA-C	1	C*07:01	0.961	282
66K00724	HLA-C	2	C*07:01	0.961	282
66K00725	HLA-A	1	A*02:01:01	0.418	NA
66K00725	HLA-A	2	A*02:01	0.418	NA
66K00725	HLA-B	1	B*14:02	1.068	NA
66K00725	HLA-B	2	B*44:02	1.068	NA
66K00725	HLA-C	1	C*05:01	2.328	NA
66K00725	HLA-C	2	C*08:02:01	2.328	NA
66K00727	HLA-A	1	A*24:02	0.767	NA
66K00727	HLA-A	2	A*26:01	0.767	NA
66K00727	HLA-B	1	B*18:01	NA	NA
66K00727	HLA-B	2	B*35:03	NA	NA
66K00727	HLA-C	1	C*07:01	1.54	NA
66K00727	HLA-C	2	C*12:03	1.54	NA
66K00728	HLA-A	1	A*26:01	0.897	398
66K00728	HLA-A	2	A*68:02	0.897	398
66K00728	HLA-B	1	B*14:01	0.908	398
66K00728	HLA-B	2	B*38:01	0.908	398
66K00728	HLA-C	1	C*08:02	2.772	398
66K00728	HLA-C	2	C*12:03	2.772	398
66K00729	HLA-A	1	A*24:02	0.68	245
66K00729	HLA-A	2	A*68:01	0.68	245
66K00729	HLA-B	1	B*15:01	1.353	245
66K00729	HLA-B	2	B*44:02	1.353	245
66K00729	HLA-C	1	C*03:03	2.24	245
66K00729	HLA-C	2	C*05:01	2.24	245
66K00730	HLA-A	1	A*03:01	0.289	389
66K00730	HLA-A	2	A*26:01	0.289	389
66K00730	HLA-B	1	B*07:02	1.558	389
66K00730	HLA-B	2	B*38:01	1.558	389
66K00730	HLA-C	1	C*07:02	0.7	389
66K00730	HLA-C	2	C*12:03	0.7	389
66K00732	HLA-A	1	A*01:01	0.832	NA
66K00732	HLA-A	2	A*26:01	0.832	NA
66K00732	HLA-B	1	B*08:01	1.297	NA
66K00732	HLA-B	2	B*15:01	1.297	NA
66K00732	HLA-C	1	C*03:04	2.258	NA
66K00732	HLA-C	2	C*07:01	2.258	NA
66K00736	HLA-A	1	A*01:01:01	0.684	290
66K00736	HLA-A	2	A*02:01	0.684	290
66K00736	HLA-B	1	B*07:02	0.966	290
66K00736	HLA-B	2	B*41:02	0.966	290
66K00736	HLA-C	1	C*07:01	1.894	290
66K00736	HLA-C	2	C*17	1.894	290
66K00737	HLA-A	1	A*01:01:01	0.688	NA
66K00737	HLA-A	2	A*68:02:01	0.688	NA
66K00737	HLA-B	1	B*15:01	1.304	NA
66K00737	HLA-B	2	B*53:01	1.304	NA
66K00737	HLA-C	1	C*03:03	1.102	NA
66K00737	HLA-C	2	C*04:01	1.102	NA
66K00738	HLA-A	1	A*01:01:01	0.7	NA
66K00738	HLA-A	2	A*11:01	0.7	NA
66K00738	HLA-B	1	B*08:01	0.919	NA
66K00738	HLA-B	2	B*15:01	0.919	NA
66K00738	HLA-C	1	C*04:01:01	1.048	NA
66K00738	HLA-C	2	C*07:01	1.048	NA
66K00739	HLA-A	1	A*24:02:01	0.923	295
66K00739	HLA-A	2	A*24:02	0.923	295
66K00739	HLA-B	1	B*15:01	1.208	295
66K00739	HLA-B	2	B*39:06	1.208	295
66K00739	HLA-C	1	C*03:03	0.898	295
66K00739	HLA-C	2	C*07:02	0.898	295
66K00741	HLA-A	1	A*02:01	0.226	375
66K00741	HLA-A	2	A*03:01	0.226	375
66K00741	HLA-B	1	B*15:01	1.061	375
66K00741	HLA-B	2	B*35:03	1.061	375
66K00741	HLA-C	1	C*03:03:01	1.423	375
66K00741	HLA-C	2	C*04:01	1.423	375
66K00743	HLA-A	1	A*02:01	0.324	372
66K00743	HLA-A	2	A*03:01	0.324	372
66K00743	HLA-B	1	B*18:01	1.075	372
66K00743	HLA-B	2	B*40:01	1.075	372
66K00743	HLA-C	1	C*03:04	1.638	372
66K00743	HLA-C	2	C*12:03	1.638	372
66K00744	HLA-A	1	A*24:02	0.484	320
66K00744	HLA-A	2	A*31:01	0.484	320
66K00744	HLA-B	1	B*15:01	1.108	320
66K00744	HLA-B	2	B*35:02	1.108	320
66K00744	HLA-C	1	C*03:03	2.125	320
66K00744	HLA-C	2	C*04:01	2.125	320
66K00745	HLA-A	1	A*02:01:01	0.62	NA
66K00745	HLA-A	2	A*11:12	0.62	NA
66K00745	HLA-B	1	B*18:01:01	0.687	NA
66K00745	HLA-B	2	B*40:01	0.687	NA
66K00745	HLA-C	1	C*03:04	1.179	NA
66K00745	HLA-C	2	C*07:01	1.179	NA
66K00746	HLA-A	1	A*29:02	0.47	NA
66K00746	HLA-A	2	A*31:01	0.47	NA
66K00746	HLA-B	1	B*07:02	0.883	NA
66K00746	HLA-B	2	B*49:01	0.883	NA
66K00746	HLA-C	1	C*07:01	2.175	NA
66K00746	HLA-C	2	C*07:02	2.175	NA
66K00748	HLA-A	1	A*03:01	0.329	537
66K00748	HLA-A	2	A*30:01	0.329	537
66K00748	HLA-B	1	B*13:02	1.122	537
66K00748	HLA-B	2	B*47:01	1.122	537
66K00748	HLA-C	1	C*06:02	6.5	537
66K00748	HLA-C	2	C*06:02	6.5	537
66K00750	HLA-A	1	A*24:02	1.046	NA
66K00750	HLA-A	2	A*30:04	1.046	NA
66K00750	HLA-B	1	B*07:02	0.953	NA
66K00750	HLA-B	2	B*35:01	0.953	NA
66K00750	HLA-C	1	C*04:01	1.988	NA
66K00750	HLA-C	2	C*07:02	1.988	NA
66K00751	HLA-A	1	A*02:01:01	0.527	NA
66K00751	HLA-A	2	A*02:01:01	0.527	NA
66K00751	HLA-B	1	B*07:02:01	NA	NA
66K00751	HLA-B	2	B*44:02:01	NA	NA
66K00751	HLA-C	1	C*NA:NA:NA	2.179	NA
66K00751	HLA-C	2	C*NA:NA:NA	2.179	NA
66K00752	HLA-A	1	A*02:01	0.206	NA
66K00752	HLA-A	2	A*03:01	0.206	NA
66K00752	HLA-B	1	B*35:01	0.753	NA
66K00752	HLA-B	2	B*44:02	0.753	NA
66K00752	HLA-C	1	C*04:01	0.588	NA
66K00752	HLA-C	2	C*05:01	0.588	NA
66K00753	HLA-A	1	A*01:01	0.774	275
66K00753	HLA-A	2	A*29:02	0.774	275
66K00753	HLA-B	1	B*08:01	0.9	275
66K00753	HLA-B	2	B*44:03	0.9	275
66K00753	HLA-C	1	C*07:01	0.85	275
66K00753	HLA-C	2	C*16:01	0.85	275
66K00755	HLA-A	1	A*23:01	1.691	453
66K00755	HLA-A	2	A*68:01	1.691	453
66K00755	HLA-B	1	B*35:01	1.13	453
66K00755	HLA-B	2	B*38:01	1.13	453
66K00755	HLA-C	1	C*04:01	5.2	453
66K00755	HLA-C	2	C*04:01	5.2	453
66K00756	HLA-A	1	A*02:01	0.541	NA
66K00756	HLA-A	2	A*11:01:01	0.541	NA
66K00756	HLA-B	1	B*40:01	0.955	NA
66K00756	HLA-B	2	B*40:02	0.955	NA
66K00756	HLA-C	1	C*02:02	2.048	NA
66K00756	HLA-C	2	C*03:04	2.048	NA
66K00758	HLA-A	1	A*03:01	0.27	NA
66K00758	HLA-A	2	A*11:01:01	0.27	NA
66K00758	HLA-B	1	B*07:04	0.896	NA
66K00758	HLA-B	2	B*55:01	0.896	NA
66K00758	HLA-C	1	C*03:03	0.98	NA
66K00758	HLA-C	2	C*07:02	0.98	NA
66K00761	HLA-A	1	A*01:01:01	0.827	388
66K00761	HLA-A	2	A*11:01:01	0.827	388
66K00761	HLA-B	1	B*15:01	NA	388
66K00761	HLA-B	2	B*35:03	NA	388
66K00761	HLA-C	1	C*03:03	1.948	388
66K00761	HLA-C	2	C*12:03	1.948	388
66K00762	HLA-A	1	A*02:01	0.271	NA
66K00762	HLA-A	2	A*32:01	0.271	NA
66K00762	HLA-B	1	B*14:02	NA	NA
66K00762	HLA-B	2	B*51:01	NA	NA
66K00762	HLA-C	1	C*08:02	4.085	NA
66K00762	HLA-C	2	C*15:02	4.085	NA
66K00763	HLA-A	1	A*01:01:01	1.392	NA
66K00763	HLA-A	2	A*24:02	1.392	NA
66K00763	HLA-B	1	B*15:01	NA	NA
66K00763	HLA-B	2	B*57:01	NA	NA
66K00763	HLA-C	1	C*03:03	0.673	NA
66K00763	HLA-C	2	C*06:02	0.673	NA
66K00764	HLA-A	1	A*01:01:01	0.454	297
66K00764	HLA-A	2	A*29:02	0.454	297
66K00764	HLA-B	1	B*08:01	1.057	297
66K00764	HLA-B	2	B*44:03	1.057	297
66K00764	HLA-C	1	C*07:01	0.801	297
66K00764	HLA-C	2	C*16:01	0.801	297
66K00766	HLA-A	1	A*03:01	0.216	304
66K00766	HLA-A	2	A*25:01:01	0.216	304
66K00766	HLA-B	1	B*07:02	1.034	304
66K00766	HLA-B	2	B*18:01	1.034	304
66K00766	HLA-C	1	C*07:02	1.144	304
66K00766	HLA-C	2	C*12:03	1.144	304
66K00768	HLA-A	1	A*11:01	1.01	NA
66K00768	HLA-A	2	A*24:02	1.01	NA
66K00768	HLA-B	1	B*18:01	0.856	NA
66K00768	HLA-B	2	B*51:01	0.856	NA
66K00768	HLA-C	1	C*07:01	2.595	NA
66K00768	HLA-C	2	C*15:02	2.595	NA
66K00770	HLA-A	1	A*24:02:01	1.019	NA
66K00770	HLA-A	2	A*24:02	1.019	NA
66K00770	HLA-B	1	B*15:18:01	NA	NA
66K00770	HLA-B	2	B*40:06	NA	NA
66K00770	HLA-C	1	C*07:04:01	3.407	NA
66K00770	HLA-C	2	C*08:01	3.407	NA
66K00771	HLA-A	1	A*02:01	0.504	NA
66K00771	HLA-A	2	A*11:01:01	0.504	NA
66K00771	HLA-B	1	B*44:02	1.104	NA
66K00771	HLA-B	2	B*44:02	1.104	NA
66K00771	HLA-C	1	C*03:04	2.319	NA
66K00771	HLA-C	2	C*05:01	2.319	NA
66K00772	HLA-A	1	A*03:01:01	0.47	NA
66K00772	HLA-A	2	A*24:02	0.47	NA
66K00772	HLA-B	1	B*15:03	1.171	NA
66K00772	HLA-B	2	B*49:01	1.171	NA
66K00772	HLA-C	1	C*07:01	1.161	NA
66K00772	HLA-C	2	C*12:03	1.161	NA
66K00773	HLA-A	1	A*01:01:01	0.717	316
66K00773	HLA-A	2	A*11:01:01	0.717	316
66K00773	HLA-B	1	B*08:01	1.196	316
66K00773	HLA-B	2	B*35:01	1.196	316
66K00773	HLA-C	1	C*04:01:01	2.414	316
66K00773	HLA-C	2	C*07:01	2.414	316
66K00774	HLA-A	1	A*01:01:01	0.603	179
66K00774	HLA-A	2	A*30:01	0.603	179
66K00774	HLA-B	1	B*07:02	1.07	179
66K00774	HLA-B	2	B*18:01	1.07	179
66K00774	HLA-C	1	C*07:01	1.619	179
66K00774	HLA-C	2	C*07:02	1.619	179
66K00775	HLA-A	1	A*01:01:01	1.022	NA
66K00775	HLA-A	2	A*11:01:01	1.022	NA
66K00775	HLA-B	1	B*07:02	1.082	NA
66K00775	HLA-B	2	B*57:01	1.082	NA
66K00775	HLA-C	1	C*06:02:01	5.924	NA
66K00775	HLA-C	2	C*07:02	5.924	NA
66K00776	HLA-A	1	A*24:02	0.82	NA
66K00776	HLA-A	2	A*31:01:02	0.82	NA
66K00776	HLA-B	1	B*07:02:01	NA	NA
66K00776	HLA-B	2	B*40:01	NA	NA
66K00776	HLA-C	1	C*03:04:01	2.09	NA
66K00776	HLA-C	2	C*07:02:01	2.09	NA
66K00778	HLA-A	1	A*03:01:01	0.017	NA
66K00778	HLA-A	2	A*03:01	0.017	NA
66K00778	HLA-B	1	B*07:02	1.009	NA
66K00778	HLA-B	2	B*07:02	1.009	NA
66K00778	HLA-C	1	C*07:02	1.666	NA
66K00778	HLA-C	2	C*07:02	1.666	NA
66K00779	HLA-A	1	A*03:01:01	0.656	401
66K00779	HLA-A	2	A*24:02	0.656	401
66K00779	HLA-B	1	B*35:01	1.185	401
66K00779	HLA-B	2	B*35:02	1.185	401
66K00779	HLA-C	1	C*04:01	5.366	401
66K00779	HLA-C	2	C*04:01	5.366	401
66K00780	HLA-A	1	A*24:02	0.594	NA
66K00780	HLA-A	2	A*31:01	0.594	NA
66K00780	HLA-B	1	B*07:02	0.911	NA
66K00780	HLA-B	2	B*44:02	0.911	NA
66K00780	HLA-C	1	C*07:02	1.64	NA
66K00780	HLA-C	2	C*12:03	1.64	NA
66K00781	HLA-A	1	A*02:01:01	0.286	319
66K00781	HLA-A	2	A*03:01	0.286	319
66K00781	HLA-B	1	B*07:02	1.032	319
66K00781	HLA-B	2	B*14:01	1.032	319
66K00781	HLA-C	1	C*07:02	2.751	319
66K00781	HLA-C	2	C*08:02	2.751	319
66K00782	HLA-A	1	A*02:01:01	0.885	NA
66K00782	HLA-A	2	A*24:02	0.885	NA
66K00782	HLA-B	1	B*07:02	1.018	NA
66K00782	HLA-B	2	B*15:01	1.018	NA
66K00782	HLA-C	1	C*03:04	1.195	NA
66K00782	HLA-C	2	C*07:02	1.195	NA
66K00783	HLA-A	1	A*03:01	0.004	350
66K00783	HLA-A	2	A*03:01	0.004	350
66K00783	HLA-B	1	B*15:01	NA	350
66K00783	HLA-B	2	B*44:03	NA	350
66K00783	HLA-C	1	C*03:04	0.882	350
66K00783	HLA-C	2	C*16:01	0.882	350
66K00785	HLA-A	1	A*02:01	0.402	520
66K00785	HLA-A	2	A*25:01:01	0.402	520
66K00785	HLA-B	1	B*18:01	NA	520
66K00785	HLA-B	2	B*44:02	NA	520
66K00785	HLA-C	1	C*05:01	3.861	520
66K00785	HLA-C	2	C*12:03	3.861	520
66K00786	HLA-A	1	A*02:01:01	0.31	402
66K00786	HLA-A	2	A*31:01	0.31	402
66K00786	HLA-B	1	B*07:02	1.037	402
66K00786	HLA-B	2	B*39:01	1.037	402
66K00786	HLA-C	1	C*NA:NA:NA	2.654	402
66K00786	HLA-C	2	C*NA:NA:NA	2.654	402
66K00787	HLA-A	1	A*02:01	0.567	NA
66K00787	HLA-A	2	A*11:01:01	0.567	NA
66K00787	HLA-B	1	B*07:02	1.174	NA
66K00787	HLA-B	2	B*57:01	1.174	NA
66K00787	HLA-C	1	C*06:02	2.123	NA
66K00787	HLA-C	2	C*07:02	2.123	NA
66K00788	HLA-A	1	A*03:01	0.37	311
66K00788	HLA-A	2	A*26:08	0.37	311
66K00788	HLA-B	1	B*18:01	1.295	311
66K00788	HLA-B	2	B*56:01	1.295	311
66K00788	HLA-C	1	C*01:02	1.411	311
66K00788	HLA-C	2	C*07:01	1.411	311
66K00789	HLA-A	1	A*02:01:01	0.424	NA
66K00789	HLA-A	2	A*02:01	0.424	NA
66K00789	HLA-B	1	B*35:01	NA	NA
66K00789	HLA-B	2	B*49:01:01	NA	NA
66K00789	HLA-C	1	C*04:01:01	2.512	NA
66K00789	HLA-C	2	C*12:03	2.512	NA
66K00790	HLA-A	1	A*03:01:01	0.008	178
66K00790	HLA-A	2	A*03:01	0.008	178
66K00790	HLA-B	1	B*07:02	NA	178
66K00790	HLA-B	2	B*07:02	NA	178
66K00790	HLA-C	1	C*07:02	1.318	178
66K00790	HLA-C	2	C*07:02	1.318	178
66K00791	HLA-A	1	A*03:01	0.437	NA
66K00791	HLA-A	2	A*68:01:02	0.437	NA
66K00791	HLA-B	1	B*07:02	1.177	NA
66K00791	HLA-B	2	B*07:02	1.177	NA
66K00791	HLA-C	1	C*07:02	1.592	NA
66K00791	HLA-C	2	C*07:02	1.592	NA
66K00792	HLA-A	1	A*02:01	0.317	263
66K00792	HLA-A	2	A*33:03	0.317	263
66K00792	HLA-B	1	B*44:02	1.091	263
66K00792	HLA-B	2	B*58:01	1.091	263
66K00792	HLA-C	1	C*03:02	1.366	263
66K00792	HLA-C	2	C*05:01	1.366	263
66K00793	HLA-A	1	A*01:01:01	0.837	NA
66K00793	HLA-A	2	A*01:01:01	0.837	NA
66K00793	HLA-B	1	B*35:02	NA	NA
66K00793	HLA-B	2	B*40:06	NA	NA
66K00793	HLA-C	1	C*04:01	4.268	NA
66K00793	HLA-C	2	C*15:02	4.268	NA
66K00794	HLA-A	1	A*01:01:01	0.346	NA
66K00794	HLA-A	2	A*32:01	0.346	NA
66K00794	HLA-B	1	B*08:01	NA	NA
66K00794	HLA-B	2	B*40:01	NA	NA
66K00794	HLA-C	1	C*03:04	1.651	NA
66K00794	HLA-C	2	C*07:02	1.651	NA
66K00795	HLA-A	1	A*02:01:01	0.605	NA
66K00795	HLA-A	2	A*02:01	0.605	NA
66K00795	HLA-B	1	B*27:02	1.31	NA
66K00795	HLA-B	2	B*52:01	1.31	NA
66K00795	HLA-C	1	C*02:02	4.332	NA
66K00795	HLA-C	2	C*12:02	4.332	NA
66K00796	HLA-A	1	A*30:01	0.332	NA
66K00796	HLA-A	2	A*33:01:01	0.332	NA
66K00796	HLA-B	1	B*13:02	1.317	NA
66K00796	HLA-B	2	B*15:01	1.317	NA
66K00796	HLA-C	1	C*03:03	2.234	NA
66K00796	HLA-C	2	C*06:02	2.234	NA
66K00797	HLA-A	1	A*02:01	0.203	NA
66K00797	HLA-A	2	A*03:01	0.203	NA
66K00797	HLA-B	1	B*07:02	NA	NA
66K00797	HLA-B	2	B*39:01	NA	NA
66K00797	HLA-C	1	C*07:02	1.194	NA
66K00797	HLA-C	2	C*07:02	1.194	NA
66K00798	HLA-A	1	A*03:01	0.227	NA
66K00798	HLA-A	2	A*68:01	0.227	NA
66K00798	HLA-B	1	B*15:01	NA	NA
66K00798	HLA-B	2	B*55:01	NA	NA
66K00798	HLA-C	1	C*01:02	1.941	NA
66K00798	HLA-C	2	C*03:03	1.941	NA
66K00799	HLA-A	1	A*02:01	0.526	363
66K00799	HLA-A	2	A*68:01:02	0.526	363
66K00799	HLA-B	1	B*35:03	NA	363
66K00799	HLA-B	2	B*40:01	NA	363
66K00799	HLA-C	1	C*03:04	2.159	363
66K00799	HLA-C	2	C*04:01	2.159	363
66K00800	HLA-A	1	A*02:05	0.432	NA
66K00800	HLA-A	2	A*29:02	0.432	NA
66K00800	HLA-B	1	B*15:01	NA	NA
66K00800	HLA-B	2	B*44:03	NA	NA
66K00800	HLA-C	1	C*12:03	2.398	NA
66K00800	HLA-C	2	C*16:01	2.398	NA
